inventory_id,hospital_id,drug_id,quantity_available,reorder_level,expiration_date
INV000001,H001,DR001,140,40,6/2/2026
INV000002,H001,DR002,115,14,6/19/2025
INV000003,H001,DR003,439,34,2/19/2027
INV000004,H001,DR004,48,27,4/10/2026
INV000005,H001,DR005,92,47,11/29/2026
INV000006,H001,DR006,491,27,7/1/2026
INV000007,H001,DR007,256,47,8/22/2026
INV000008,H001,DR008,29,13,9/17/2025
INV000009,H001,DR009,22,42,2/5/2027
INV000010,H001,DR010,371,19,6/6/2025
INV000011,H001,DR011,462,26,2/1/2027
INV000012,H001,DR012,273,29,5/13/2026
INV000013,H001,DR013,369,41,6/12/2026
INV000014,H001,DR014,100,48,9/24/2025
INV000015,H001,DR015,140,29,8/31/2025
INV000016,H001,DR016,407,34,8/27/2025
INV000017,H001,DR017,236,32,5/15/2026
INV000018,H001,DR018,499,10,5/13/2026
INV000019,H001,DR019,89,16,9/9/2026
INV000020,H001,DR020,79,15,3/2/2026
INV000021,H001,DR021,454,18,12/6/2026
INV000022,H001,DR022,68,31,4/29/2027
INV000023,H001,DR023,120,17,10/5/2025
INV000024,H001,DR024,457,44,6/22/2025
INV000025,H001,DR025,305,16,10/18/2026
INV000026,H001,DR026,244,38,10/28/2025
INV000027,H001,DR027,262,34,1/18/2026
INV000028,H001,DR028,405,33,10/21/2025
INV000029,H001,DR029,188,46,12/19/2026
INV000030,H001,DR030,266,37,9/27/2025
INV000031,H001,DR031,498,11,10/4/2025
INV000032,H001,DR032,449,41,6/8/2026
INV000033,H001,DR033,361,34,9/30/2025
INV000034,H001,DR034,405,49,7/5/2026
INV000035,H001,DR035,92,26,9/21/2026
INV000036,H001,DR036,93,46,12/28/2026
INV000037,H001,DR037,311,49,4/25/2026
INV000038,H001,DR038,274,22,11/23/2025
INV000039,H001,DR039,187,11,5/6/2026
INV000040,H001,DR040,131,32,12/16/2026
INV000041,H001,DR041,23,40,7/10/2026
INV000042,H001,DR042,397,26,4/29/2026
INV000043,H001,DR043,466,23,2/11/2027
INV000044,H001,DR044,313,50,8/31/2025
INV000045,H001,DR045,5,18,3/11/2027
INV000046,H001,DR046,347,44,5/15/2026
INV000047,H001,DR047,414,42,9/5/2025
INV000048,H001,DR048,5,36,6/11/2025
INV000049,H001,DR049,247,48,9/9/2026
INV000050,H001,DR050,465,29,4/14/2027
INV000051,H001,DR051,172,50,1/5/2026
INV000052,H001,DR052,329,17,5/18/2026
INV000053,H001,DR053,139,42,7/20/2026
INV000054,H001,DR054,402,33,11/17/2025
INV000055,H001,DR055,387,47,1/22/2027
INV000056,H001,DR056,480,10,12/2/2025
INV000057,H001,DR057,49,48,12/26/2026
INV000058,H001,DR058,318,25,1/9/2026
INV000059,H001,DR059,96,30,4/13/2027
INV000060,H001,DR060,4,42,3/18/2027
INV000061,H001,DR061,446,30,2/11/2027
INV000062,H001,DR062,37,43,1/18/2027
INV000063,H001,DR063,249,30,7/26/2026
INV000064,H001,DR064,0,14,1/12/2026
INV000065,H001,DR065,404,44,9/30/2026
INV000066,H001,DR066,497,18,2/12/2027
INV000067,H001,DR067,42,23,11/19/2026
INV000068,H001,DR068,194,50,1/5/2026
INV000069,H001,DR069,129,29,11/12/2026
INV000070,H001,DR070,379,13,4/5/2026
INV000071,H001,DR071,396,12,9/24/2025
INV000072,H001,DR072,491,24,10/22/2025
INV000073,H001,DR073,365,30,1/19/2026
INV000074,H001,DR074,83,34,7/17/2026
INV000075,H001,DR075,97,14,3/7/2026
INV000076,H001,DR076,405,27,3/2/2027
INV000077,H001,DR077,49,21,9/7/2026
INV000078,H001,DR078,241,23,7/17/2026
INV000079,H001,DR079,160,25,4/13/2026
INV000080,H001,DR080,227,46,9/14/2026
INV000081,H001,DR081,0,16,3/23/2027
INV000082,H001,DR082,4,25,1/3/2026
INV000083,H001,DR083,30,25,4/7/2026
INV000084,H001,DR084,161,29,9/22/2025
INV000085,H001,DR085,203,38,9/15/2026
INV000086,H001,DR086,446,45,9/8/2026
INV000087,H001,DR087,46,36,11/10/2025
INV000088,H001,DR088,277,13,11/16/2025
INV000089,H001,DR089,274,15,1/22/2027
INV000090,H001,DR090,391,38,8/1/2026
INV000091,H001,DR091,0,43,10/24/2026
INV000092,H001,DR092,479,34,1/17/2027
INV000093,H001,DR093,253,14,8/26/2025
INV000094,H001,DR094,405,40,9/24/2026
INV000095,H001,DR095,339,20,1/26/2027
INV000096,H001,DR096,421,31,8/24/2026
INV000097,H001,DR097,147,28,9/23/2025
INV000098,H001,DR098,416,44,12/4/2026
INV000099,H001,DR099,176,34,8/10/2026
INV000100,H001,DR100,3,33,12/6/2025
INV000101,H001,DR101,316,12,1/3/2026
INV000102,H001,DR102,272,34,1/24/2026
INV000103,H001,DR103,2,40,11/23/2026
INV000104,H001,DR104,52,26,12/30/2025
INV000105,H001,DR105,476,29,2/2/2026
INV000106,H001,DR106,53,24,3/11/2026
INV000107,H001,DR107,96,37,10/4/2026
INV000108,H001,DR108,437,29,4/15/2026
INV000109,H001,DR109,378,13,3/15/2027
INV000110,H001,DR110,273,34,4/30/2026
INV000111,H001,DR111,406,27,6/20/2025
INV000112,H001,DR112,343,40,2/22/2027
INV000113,H001,DR113,68,50,2/12/2026
INV000114,H001,DR114,172,10,1/1/2027
INV000115,H001,DR115,27,25,10/23/2026
INV000116,H001,DR116,371,44,8/8/2026
INV000117,H001,DR117,413,47,11/24/2025
INV000118,H001,DR118,188,26,1/28/2026
INV000119,H001,DR119,402,48,11/22/2025
INV000120,H001,DR120,353,11,3/6/2026
INV000121,H001,DR121,427,40,10/1/2026
INV000122,H001,DR122,385,48,3/12/2027
INV000123,H001,DR123,211,29,2/26/2026
INV000124,H001,DR124,466,25,2/19/2026
INV000125,H001,DR125,456,24,9/14/2025
INV000126,H001,DR126,255,49,11/15/2026
INV000127,H001,DR127,374,17,12/21/2025
INV000128,H001,DR128,195,33,12/9/2025
INV000129,H001,DR129,99,16,9/26/2025
INV000130,H001,DR130,477,14,10/16/2026
INV000131,H001,DR131,330,38,9/30/2026
INV000132,H001,DR132,4,38,4/19/2026
INV000133,H001,DR133,215,17,2/10/2026
INV000134,H001,DR134,135,16,7/28/2026
INV000135,H001,DR135,273,11,5/13/2026
INV000136,H001,DR136,3,15,8/10/2026
INV000137,H001,DR137,497,19,4/4/2026
INV000138,H001,DR138,210,10,12/5/2026
INV000139,H001,DR139,380,14,12/1/2026
INV000140,H001,DR140,59,39,1/21/2026
INV000141,H001,DR141,225,35,2/5/2027
INV000142,H001,DR142,298,32,7/1/2026
INV000143,H001,DR143,187,43,4/6/2027
INV000144,H001,DR144,114,43,2/21/2027
INV000145,H001,DR145,249,47,5/14/2025
INV000146,H001,DR146,52,26,6/29/2026
INV000147,H001,DR147,88,34,1/9/2026
INV000148,H001,DR148,225,35,4/1/2027
INV000149,H001,DR149,136,35,9/22/2026
INV000150,H001,DR150,470,23,1/7/2026
INV000151,H001,DR151,46,45,2/24/2026
INV000152,H001,DR152,236,30,11/18/2026
INV000153,H001,DR153,152,16,2/8/2027
INV000154,H001,DR154,474,44,5/16/2026
INV000155,H001,DR155,172,37,9/20/2025
INV000156,H001,DR156,341,16,7/9/2026
INV000157,H001,DR157,241,28,7/1/2026
INV000158,H001,DR158,157,21,3/24/2027
INV000159,H001,DR159,178,17,4/14/2026
INV000160,H001,DR160,268,19,11/21/2026
INV000161,H001,DR161,254,28,4/16/2027
INV000162,H001,DR162,491,13,12/16/2025
INV000163,H001,DR163,441,10,5/26/2026
INV000164,H001,DR164,386,26,3/24/2026
INV000165,H001,DR165,114,44,1/4/2027
INV000166,H001,DR166,202,17,1/29/2026
INV000167,H001,DR167,132,44,4/8/2026
INV000168,H001,DR168,5,34,3/3/2026
INV000169,H001,DR169,49,39,7/8/2026
INV000170,H001,DR170,113,18,12/10/2025
INV000171,H001,DR171,492,20,6/27/2026
INV000172,H001,DR172,310,31,11/18/2025
INV000173,H001,DR173,397,33,8/18/2026
INV000174,H001,DR174,189,45,8/11/2025
INV000175,H001,DR175,147,29,1/31/2026
INV000176,H002,DR001,260,20,2/20/2026
INV000177,H002,DR002,200,14,1/11/2027
INV000178,H002,DR003,411,41,7/21/2026
INV000179,H002,DR004,60,19,11/13/2025
INV000180,H002,DR005,444,44,4/5/2026
INV000181,H002,DR006,144,21,10/31/2025
INV000182,H002,DR007,4,28,12/24/2026
INV000183,H002,DR008,314,20,7/8/2026
INV000184,H002,DR009,159,18,4/3/2027
INV000185,H002,DR010,269,30,4/10/2027
INV000186,H002,DR011,437,50,8/25/2026
INV000187,H002,DR012,317,36,4/26/2027
INV000188,H002,DR013,51,44,2/21/2026
INV000189,H002,DR014,0,15,10/23/2026
INV000190,H002,DR015,312,19,7/11/2026
INV000191,H002,DR016,127,35,11/21/2026
INV000192,H002,DR017,466,27,3/24/2026
INV000193,H002,DR018,171,36,4/12/2026
INV000194,H002,DR019,35,29,11/21/2026
INV000195,H002,DR020,213,44,12/28/2026
INV000196,H002,DR021,331,19,5/12/2026
INV000197,H002,DR022,212,37,12/23/2025
INV000198,H002,DR023,0,16,9/14/2025
INV000199,H002,DR024,5,40,12/12/2026
INV000200,H002,DR025,267,31,12/4/2026
INV000201,H002,DR026,57,43,2/26/2026
INV000202,H002,DR027,311,38,9/10/2026
INV000203,H002,DR028,47,34,11/29/2025
INV000204,H002,DR029,294,14,10/8/2025
INV000205,H002,DR030,457,30,8/30/2025
INV000206,H002,DR031,229,37,10/4/2025
INV000207,H002,DR032,190,23,8/13/2026
INV000208,H002,DR033,271,36,11/5/2026
INV000209,H002,DR034,310,20,11/4/2026
INV000210,H002,DR035,155,46,12/10/2025
INV000211,H002,DR036,260,49,10/15/2025
INV000212,H002,DR037,355,38,11/30/2026
INV000213,H002,DR038,421,30,1/6/2026
INV000214,H002,DR039,252,30,9/29/2026
INV000215,H002,DR040,37,30,7/15/2026
INV000216,H002,DR041,240,23,8/10/2026
INV000217,H002,DR042,259,29,11/23/2025
INV000218,H002,DR043,240,50,11/28/2025
INV000219,H002,DR044,206,10,9/22/2026
INV000220,H002,DR045,86,50,11/14/2026
INV000221,H002,DR046,334,14,1/3/2026
INV000222,H002,DR047,167,48,4/26/2027
INV000223,H002,DR048,310,50,10/7/2026
INV000224,H002,DR049,72,46,12/5/2026
INV000225,H002,DR050,325,32,6/2/2026
INV000226,H002,DR051,3,43,12/18/2025
INV000227,H002,DR052,429,23,12/26/2025
INV000228,H002,DR053,47,33,12/20/2026
INV000229,H002,DR054,103,14,6/5/2026
INV000230,H002,DR055,230,18,10/11/2025
INV000231,H002,DR056,376,24,5/22/2026
INV000232,H002,DR057,307,50,11/18/2026
INV000233,H002,DR058,206,30,4/29/2027
INV000234,H002,DR059,466,32,8/30/2026
INV000235,H002,DR060,498,41,4/23/2027
INV000236,H002,DR061,270,38,3/4/2027
INV000237,H002,DR062,410,12,1/1/2026
INV000238,H002,DR063,458,26,12/6/2025
INV000239,H002,DR064,70,10,9/25/2025
INV000240,H002,DR065,218,25,8/21/2025
INV000241,H002,DR066,241,43,7/4/2026
INV000242,H002,DR067,337,33,9/9/2026
INV000243,H002,DR068,435,29,3/24/2026
INV000244,H002,DR069,443,24,9/24/2026
INV000245,H002,DR070,352,38,8/5/2026
INV000246,H002,DR071,29,48,6/1/2025
INV000247,H002,DR072,472,44,11/23/2025
INV000248,H002,DR073,1,31,6/7/2026
INV000249,H002,DR074,266,39,2/23/2026
INV000250,H002,DR075,386,43,5/16/2026
INV000251,H002,DR076,118,14,3/26/2027
INV000252,H002,DR077,186,46,12/11/2026
INV000253,H002,DR078,144,37,9/30/2025
INV000254,H002,DR079,162,15,8/7/2025
INV000255,H002,DR080,21,42,2/11/2026
INV000256,H002,DR081,181,43,6/20/2025
INV000257,H002,DR082,238,48,5/4/2026
INV000258,H002,DR083,172,45,12/6/2025
INV000259,H002,DR084,400,40,11/30/2025
INV000260,H002,DR085,272,16,8/4/2026
INV000261,H002,DR086,44,13,7/3/2025
INV000262,H002,DR087,176,43,2/9/2026
INV000263,H002,DR088,196,47,8/6/2026
INV000264,H002,DR089,245,18,4/2/2027
INV000265,H002,DR090,470,49,3/5/2026
INV000266,H002,DR091,3,28,7/16/2026
INV000267,H002,DR092,263,16,7/3/2026
INV000268,H002,DR093,370,35,12/1/2025
INV000269,H002,DR094,135,38,4/16/2026
INV000270,H002,DR095,62,21,11/10/2025
INV000271,H002,DR096,327,50,2/20/2026
INV000272,H002,DR097,358,31,1/5/2026
INV000273,H002,DR098,331,26,1/24/2026
INV000274,H002,DR099,326,17,10/24/2025
INV000275,H002,DR100,70,12,7/3/2025
INV000276,H002,DR101,372,16,11/21/2026
INV000277,H002,DR102,126,22,4/29/2027
INV000278,H002,DR103,0,46,12/19/2026
INV000279,H002,DR104,44,23,7/10/2026
INV000280,H002,DR105,161,13,6/21/2026
INV000281,H002,DR106,428,28,10/1/2025
INV000282,H002,DR107,234,50,8/26/2025
INV000283,H002,DR108,483,41,1/8/2026
INV000284,H002,DR109,171,36,8/24/2025
INV000285,H002,DR110,20,19,4/25/2027
INV000286,H002,DR111,119,49,7/17/2026
INV000287,H002,DR112,313,13,3/23/2027
INV000288,H002,DR113,341,11,6/7/2025
INV000289,H002,DR114,389,38,9/2/2026
INV000290,H002,DR115,53,20,9/12/2026
INV000291,H002,DR116,154,12,12/28/2025
INV000292,H002,DR117,321,24,10/17/2026
INV000293,H002,DR118,65,27,10/1/2026
INV000294,H002,DR119,359,38,8/16/2025
INV000295,H002,DR120,3,23,5/13/2025
INV000296,H002,DR121,348,37,8/16/2026
INV000297,H002,DR122,393,35,4/26/2026
INV000298,H002,DR123,424,29,3/14/2027
INV000299,H002,DR124,119,36,9/17/2026
INV000300,H002,DR125,264,37,2/3/2026
INV000301,H002,DR126,100,47,2/2/2027
INV000302,H002,DR127,21,48,1/8/2026
INV000303,H002,DR128,471,24,12/5/2026
INV000304,H002,DR129,5,26,12/28/2026
INV000305,H002,DR130,391,20,1/16/2026
INV000306,H002,DR131,54,24,1/20/2026
INV000307,H002,DR132,231,45,3/27/2027
INV000308,H002,DR133,324,32,11/9/2026
INV000309,H002,DR134,393,40,10/8/2025
INV000310,H002,DR135,364,34,11/27/2026
INV000311,H002,DR136,51,47,4/7/2026
INV000312,H002,DR137,318,33,10/30/2026
INV000313,H002,DR138,460,38,7/1/2026
INV000314,H002,DR139,108,41,10/7/2025
INV000315,H002,DR140,338,14,4/4/2027
INV000316,H002,DR141,257,39,11/29/2026
INV000317,H002,DR142,324,15,12/5/2025
INV000318,H002,DR143,240,41,10/29/2026
INV000319,H002,DR144,440,27,4/19/2027
INV000320,H002,DR145,4,21,2/7/2027
INV000321,H002,DR146,262,11,8/19/2025
INV000322,H002,DR147,322,24,1/1/2026
INV000323,H002,DR148,23,18,7/20/2026
INV000324,H002,DR149,357,29,8/10/2026
INV000325,H002,DR150,287,29,10/20/2025
INV000326,H002,DR151,319,34,1/22/2026
INV000327,H002,DR152,286,14,1/9/2027
INV000328,H002,DR153,348,30,2/21/2027
INV000329,H002,DR154,475,39,8/21/2025
INV000330,H002,DR155,492,31,12/24/2026
INV000331,H002,DR156,102,44,3/23/2026
INV000332,H002,DR157,90,46,3/11/2027
INV000333,H002,DR158,420,34,4/3/2026
INV000334,H002,DR159,419,12,12/20/2026
INV000335,H002,DR160,444,22,4/20/2027
INV000336,H002,DR161,0,11,6/25/2026
INV000337,H002,DR162,477,30,5/7/2026
INV000338,H002,DR163,455,30,11/8/2025
INV000339,H002,DR164,215,12,2/3/2026
INV000340,H002,DR165,441,27,3/25/2027
INV000341,H002,DR166,2,49,12/31/2025
INV000342,H002,DR167,205,19,8/13/2025
INV000343,H002,DR168,418,10,11/4/2026
INV000344,H002,DR169,96,29,2/17/2026
INV000345,H002,DR170,295,40,9/11/2025
INV000346,H002,DR171,210,40,4/17/2027
INV000347,H002,DR172,427,13,11/25/2026
INV000348,H002,DR173,41,35,2/6/2027
INV000349,H002,DR174,255,48,10/4/2026
INV000350,H002,DR175,273,15,10/25/2026
INV000351,H003,DR001,31,24,3/25/2027
INV000352,H003,DR002,410,21,1/31/2027
INV000353,H003,DR003,254,44,10/22/2025
INV000354,H003,DR004,69,46,2/11/2027
INV000355,H003,DR005,271,46,12/14/2025
INV000356,H003,DR006,491,12,7/2/2026
INV000357,H003,DR007,229,42,3/9/2026
INV000358,H003,DR008,289,17,8/17/2026
INV000359,H003,DR009,202,26,12/17/2025
INV000360,H003,DR010,202,46,12/1/2025
INV000361,H003,DR011,322,31,3/26/2027
INV000362,H003,DR012,0,31,8/4/2026
INV000363,H003,DR013,457,21,8/29/2026
INV000364,H003,DR014,125,12,1/8/2026
INV000365,H003,DR015,2,32,4/10/2026
INV000366,H003,DR016,172,14,9/27/2026
INV000367,H003,DR017,267,38,10/3/2025
INV000368,H003,DR018,308,33,12/24/2025
INV000369,H003,DR019,485,21,1/12/2026
INV000370,H003,DR020,145,13,4/9/2026
INV000371,H003,DR021,0,39,3/14/2027
INV000372,H003,DR022,207,46,12/6/2025
INV000373,H003,DR023,140,24,9/8/2026
INV000374,H003,DR024,357,21,1/19/2027
INV000375,H003,DR025,179,35,11/18/2026
INV000376,H003,DR026,484,45,5/13/2026
INV000377,H003,DR027,245,24,9/25/2026
INV000378,H003,DR028,190,47,1/29/2026
INV000379,H003,DR029,351,37,7/22/2026
INV000380,H003,DR030,275,21,6/26/2025
INV000381,H003,DR031,287,43,4/17/2027
INV000382,H003,DR032,455,20,7/4/2026
INV000383,H003,DR033,281,41,1/29/2027
INV000384,H003,DR034,412,31,3/9/2026
INV000385,H003,DR035,430,31,8/22/2026
INV000386,H003,DR036,270,29,10/31/2026
INV000387,H003,DR037,73,12,2/9/2026
INV000388,H003,DR038,260,45,4/25/2027
INV000389,H003,DR039,343,31,5/7/2026
INV000390,H003,DR040,75,21,8/12/2026
INV000391,H003,DR041,392,48,9/25/2026
INV000392,H003,DR042,317,19,4/20/2027
INV000393,H003,DR043,96,23,1/16/2026
INV000394,H003,DR044,29,40,7/15/2026
INV000395,H003,DR045,415,44,4/10/2026
INV000396,H003,DR046,255,25,2/11/2027
INV000397,H003,DR047,281,37,11/13/2026
INV000398,H003,DR048,336,36,7/4/2026
INV000399,H003,DR049,412,36,1/5/2026
INV000400,H003,DR050,409,10,2/26/2027
INV000401,H003,DR051,433,33,6/4/2025
INV000402,H003,DR052,281,12,6/26/2026
INV000403,H003,DR053,179,45,2/3/2026
INV000404,H003,DR054,4,21,12/5/2025
INV000405,H003,DR055,28,47,10/15/2025
INV000406,H003,DR056,301,42,10/7/2025
INV000407,H003,DR057,390,31,12/12/2025
INV000408,H003,DR058,162,15,4/24/2026
INV000409,H003,DR059,179,13,11/8/2025
INV000410,H003,DR060,4,38,7/9/2026
INV000411,H003,DR061,109,40,11/7/2026
INV000412,H003,DR062,48,20,4/15/2027
INV000413,H003,DR063,115,41,9/13/2026
INV000414,H003,DR064,408,10,4/1/2027
INV000415,H003,DR065,425,36,4/24/2027
INV000416,H003,DR066,224,26,4/7/2026
INV000417,H003,DR067,68,17,7/29/2026
INV000418,H003,DR068,435,48,4/27/2027
INV000419,H003,DR069,424,29,7/23/2026
INV000420,H003,DR070,321,39,10/20/2025
INV000421,H003,DR071,314,31,8/14/2026
INV000422,H003,DR072,420,36,12/24/2026
INV000423,H003,DR073,475,23,6/1/2025
INV000424,H003,DR074,340,28,7/8/2026
INV000425,H003,DR075,490,23,3/1/2027
INV000426,H003,DR076,58,15,12/25/2025
INV000427,H003,DR077,174,40,2/13/2027
INV000428,H003,DR078,27,40,2/23/2027
INV000429,H003,DR079,234,47,12/4/2025
INV000430,H003,DR080,337,47,12/4/2026
INV000431,H003,DR081,370,37,11/4/2025
INV000432,H003,DR082,117,31,12/8/2026
INV000433,H003,DR083,395,30,11/13/2025
INV000434,H003,DR084,126,50,9/2/2025
INV000435,H003,DR085,183,16,1/27/2027
INV000436,H003,DR086,40,48,2/3/2027
INV000437,H003,DR087,157,39,8/18/2026
INV000438,H003,DR088,290,16,8/25/2025
INV000439,H003,DR089,359,37,2/8/2026
INV000440,H003,DR090,385,29,12/3/2026
INV000441,H003,DR091,96,29,6/19/2026
INV000442,H003,DR092,123,34,10/16/2025
INV000443,H003,DR093,180,42,3/30/2027
INV000444,H003,DR094,391,11,8/29/2025
INV000445,H003,DR095,165,33,1/3/2027
INV000446,H003,DR096,391,40,4/3/2026
INV000447,H003,DR097,257,23,5/7/2026
INV000448,H003,DR098,201,28,8/27/2026
INV000449,H003,DR099,237,45,2/16/2026
INV000450,H003,DR100,239,47,11/16/2025
INV000451,H003,DR101,266,33,12/6/2026
INV000452,H003,DR102,265,19,3/27/2026
INV000453,H003,DR103,1,42,8/18/2025
INV000454,H003,DR104,250,50,2/20/2026
INV000455,H003,DR105,42,11,11/30/2025
INV000456,H003,DR106,105,19,1/8/2027
INV000457,H003,DR107,234,35,6/17/2025
INV000458,H003,DR108,434,30,5/25/2025
INV000459,H003,DR109,62,49,4/21/2026
INV000460,H003,DR110,49,10,1/2/2026
INV000461,H003,DR111,388,25,1/12/2027
INV000462,H003,DR112,31,39,8/7/2025
INV000463,H003,DR113,255,21,2/8/2027
INV000464,H003,DR114,61,46,7/10/2026
INV000465,H003,DR115,398,31,9/12/2025
INV000466,H003,DR116,238,37,5/7/2027
INV000467,H003,DR117,4,32,9/21/2026
INV000468,H003,DR118,401,17,4/22/2026
INV000469,H003,DR119,2,30,1/11/2027
INV000470,H003,DR120,396,45,4/26/2026
INV000471,H003,DR121,364,39,2/13/2026
INV000472,H003,DR122,302,11,10/19/2025
INV000473,H003,DR123,177,32,3/18/2026
INV000474,H003,DR124,423,29,1/16/2026
INV000475,H003,DR125,1,13,6/29/2026
INV000476,H003,DR126,471,45,12/14/2026
INV000477,H003,DR127,314,12,4/8/2026
INV000478,H003,DR128,258,37,9/13/2026
INV000479,H003,DR129,4,47,12/19/2025
INV000480,H003,DR130,27,11,9/12/2026
INV000481,H003,DR131,263,30,4/30/2026
INV000482,H003,DR132,179,41,4/23/2026
INV000483,H003,DR133,115,25,10/18/2025
INV000484,H003,DR134,356,46,1/25/2026
INV000485,H003,DR135,134,49,12/27/2026
INV000486,H003,DR136,61,42,9/20/2025
INV000487,H003,DR137,268,44,1/16/2027
INV000488,H003,DR138,143,10,12/16/2025
INV000489,H003,DR139,123,45,2/26/2027
INV000490,H003,DR140,470,15,3/18/2026
INV000491,H003,DR141,416,21,9/19/2025
INV000492,H003,DR142,459,11,1/14/2026
INV000493,H003,DR143,110,10,1/3/2027
INV000494,H003,DR144,334,43,5/1/2027
INV000495,H003,DR145,297,31,3/5/2026
INV000496,H003,DR146,380,23,10/8/2026
INV000497,H003,DR147,23,19,10/9/2026
INV000498,H003,DR148,86,34,9/2/2025
INV000499,H003,DR149,3,41,9/15/2025
INV000500,H003,DR150,67,47,4/28/2027
INV000501,H003,DR151,320,29,5/14/2026
INV000502,H003,DR152,5,16,10/8/2026
INV000503,H003,DR153,470,46,10/29/2026
INV000504,H003,DR154,177,39,4/27/2026
INV000505,H003,DR155,308,44,2/20/2027
INV000506,H003,DR156,352,21,4/12/2027
INV000507,H003,DR157,2,41,3/6/2026
INV000508,H003,DR158,358,42,8/28/2025
INV000509,H003,DR159,197,16,11/24/2026
INV000510,H003,DR160,418,42,9/24/2026
INV000511,H003,DR161,36,19,9/4/2025
INV000512,H003,DR162,256,17,4/8/2027
INV000513,H003,DR163,173,32,10/26/2025
INV000514,H003,DR164,152,16,11/1/2025
INV000515,H003,DR165,456,49,6/29/2026
INV000516,H003,DR166,120,24,3/13/2026
INV000517,H003,DR167,168,23,5/10/2026
INV000518,H003,DR168,140,29,12/6/2026
INV000519,H003,DR169,72,19,4/18/2026
INV000520,H003,DR170,470,22,9/27/2025
INV000521,H003,DR171,487,30,10/11/2026
INV000522,H003,DR172,482,16,5/1/2026
INV000523,H003,DR173,60,25,6/23/2026
INV000524,H003,DR174,0,19,5/21/2025
INV000525,H003,DR175,225,10,4/4/2026
INV000526,H004,DR001,98,26,5/24/2026
INV000527,H004,DR002,417,50,8/24/2025
INV000528,H004,DR003,63,15,8/7/2025
INV000529,H004,DR004,189,17,9/3/2026
INV000530,H004,DR005,142,42,2/18/2027
INV000531,H004,DR006,176,47,3/10/2026
INV000532,H004,DR007,389,46,8/10/2026
INV000533,H004,DR008,305,50,3/3/2027
INV000534,H004,DR009,279,14,5/10/2026
INV000535,H004,DR010,311,39,10/10/2026
INV000536,H004,DR011,382,32,1/8/2027
INV000537,H004,DR012,411,46,3/30/2027
INV000538,H004,DR013,294,27,2/6/2026
INV000539,H004,DR014,69,41,1/6/2026
INV000540,H004,DR015,1,43,9/5/2026
INV000541,H004,DR016,81,26,2/20/2026
INV000542,H004,DR017,361,20,11/20/2025
INV000543,H004,DR018,243,33,6/29/2025
INV000544,H004,DR019,4,12,12/12/2026
INV000545,H004,DR020,255,38,12/3/2026
INV000546,H004,DR021,351,19,5/21/2026
INV000547,H004,DR022,423,12,3/19/2026
INV000548,H004,DR023,297,17,11/25/2025
INV000549,H004,DR024,133,13,5/8/2027
INV000550,H004,DR025,484,10,1/17/2027
INV000551,H004,DR026,2,40,12/4/2025
INV000552,H004,DR027,414,20,1/11/2027
INV000553,H004,DR028,220,41,1/30/2027
INV000554,H004,DR029,461,15,11/6/2025
INV000555,H004,DR030,460,33,4/21/2027
INV000556,H004,DR031,135,38,4/25/2026
INV000557,H004,DR032,221,43,3/13/2026
INV000558,H004,DR033,421,46,2/25/2027
INV000559,H004,DR034,493,47,4/3/2027
INV000560,H004,DR035,216,29,12/7/2025
INV000561,H004,DR036,301,29,10/1/2026
INV000562,H004,DR037,106,30,3/27/2027
INV000563,H004,DR038,492,23,3/13/2026
INV000564,H004,DR039,446,35,1/8/2027
INV000565,H004,DR040,348,36,2/23/2026
INV000566,H004,DR041,5,12,2/20/2026
INV000567,H004,DR042,454,45,1/31/2026
INV000568,H004,DR043,368,38,8/24/2026
INV000569,H004,DR044,444,43,3/26/2026
INV000570,H004,DR045,2,45,11/2/2026
INV000571,H004,DR046,382,40,8/30/2025
INV000572,H004,DR047,231,35,5/17/2026
INV000573,H004,DR048,106,24,8/15/2026
INV000574,H004,DR049,245,22,7/31/2026
INV000575,H004,DR050,463,17,11/7/2025
INV000576,H004,DR051,340,13,5/7/2027
INV000577,H004,DR052,101,39,6/10/2025
INV000578,H004,DR053,68,22,10/3/2026
INV000579,H004,DR054,455,37,8/10/2025
INV000580,H004,DR055,470,10,2/1/2026
INV000581,H004,DR056,69,11,3/2/2027
INV000582,H004,DR057,388,50,1/29/2026
INV000583,H004,DR058,499,12,5/5/2026
INV000584,H004,DR059,150,13,8/18/2025
INV000585,H004,DR060,51,20,6/16/2025
INV000586,H004,DR061,3,31,12/11/2025
INV000587,H004,DR062,461,48,9/12/2026
INV000588,H004,DR063,270,42,3/20/2026
INV000589,H004,DR064,446,39,2/12/2026
INV000590,H004,DR065,215,14,4/4/2026
INV000591,H004,DR066,89,12,5/30/2026
INV000592,H004,DR067,232,47,9/9/2026
INV000593,H004,DR068,259,42,5/1/2027
INV000594,H004,DR069,271,15,10/2/2025
INV000595,H004,DR070,49,36,5/21/2026
INV000596,H004,DR071,450,27,1/10/2026
INV000597,H004,DR072,135,16,3/31/2027
INV000598,H004,DR073,326,30,2/1/2027
INV000599,H004,DR074,214,15,7/14/2026
INV000600,H004,DR075,324,47,4/12/2027
INV000601,H004,DR076,401,26,11/5/2026
INV000602,H004,DR077,180,34,4/27/2027
INV000603,H004,DR078,422,37,10/16/2025
INV000604,H004,DR079,210,43,4/6/2027
INV000605,H004,DR080,185,28,9/26/2026
INV000606,H004,DR081,491,25,10/25/2025
INV000607,H004,DR082,351,36,2/22/2026
INV000608,H004,DR083,357,25,9/21/2025
INV000609,H004,DR084,180,21,11/30/2025
INV000610,H004,DR085,3,26,8/3/2026
INV000611,H004,DR086,372,20,1/15/2026
INV000612,H004,DR087,208,10,10/14/2025
INV000613,H004,DR088,461,19,11/30/2026
INV000614,H004,DR089,291,17,12/9/2025
INV000615,H004,DR090,180,45,7/5/2026
INV000616,H004,DR091,286,50,3/29/2026
INV000617,H004,DR092,302,44,10/27/2025
INV000618,H004,DR093,204,24,4/23/2026
INV000619,H004,DR094,158,48,12/1/2026
INV000620,H004,DR095,89,47,11/30/2026
INV000621,H004,DR096,174,18,3/11/2027
INV000622,H004,DR097,403,14,10/8/2026
INV000623,H004,DR098,474,14,10/12/2026
INV000624,H004,DR099,5,10,10/29/2026
INV000625,H004,DR100,65,14,7/12/2026
INV000626,H004,DR101,47,37,2/13/2027
INV000627,H004,DR102,434,43,3/7/2026
INV000628,H004,DR103,464,25,1/16/2027
INV000629,H004,DR104,93,32,11/22/2025
INV000630,H004,DR105,33,22,10/7/2026
INV000631,H004,DR106,369,43,10/14/2026
INV000632,H004,DR107,2,17,10/22/2025
INV000633,H004,DR108,187,42,10/10/2026
INV000634,H004,DR109,124,29,10/17/2025
INV000635,H004,DR110,36,47,11/21/2025
INV000636,H004,DR111,471,23,5/27/2025
INV000637,H004,DR112,76,31,8/25/2025
INV000638,H004,DR113,110,28,8/17/2025
INV000639,H004,DR114,22,36,10/11/2025
INV000640,H004,DR115,3,42,1/14/2027
INV000641,H004,DR116,456,49,4/25/2026
INV000642,H004,DR117,251,30,8/17/2025
INV000643,H004,DR118,198,23,9/5/2026
INV000644,H004,DR119,383,10,2/5/2027
INV000645,H004,DR120,371,22,4/28/2026
INV000646,H004,DR121,208,27,3/3/2026
INV000647,H004,DR122,205,42,7/15/2026
INV000648,H004,DR123,75,48,12/6/2025
INV000649,H004,DR124,394,27,6/29/2025
INV000650,H004,DR125,465,16,4/16/2026
INV000651,H004,DR126,282,34,9/6/2026
INV000652,H004,DR127,469,50,8/9/2026
INV000653,H004,DR128,42,16,11/8/2025
INV000654,H004,DR129,229,28,4/9/2027
INV000655,H004,DR130,379,22,12/31/2025
INV000656,H004,DR131,484,32,8/8/2026
INV000657,H004,DR132,311,23,3/10/2026
INV000658,H004,DR133,278,22,12/26/2025
INV000659,H004,DR134,1,41,2/9/2027
INV000660,H004,DR135,286,28,12/20/2026
INV000661,H004,DR136,202,15,7/30/2026
INV000662,H004,DR137,201,14,2/10/2026
INV000663,H004,DR138,183,43,1/8/2026
INV000664,H004,DR139,275,23,8/21/2025
INV000665,H004,DR140,479,26,11/30/2025
INV000666,H004,DR141,288,41,11/2/2025
INV000667,H004,DR142,377,47,3/30/2026
INV000668,H004,DR143,303,10,12/30/2026
INV000669,H004,DR144,87,21,3/25/2026
INV000670,H004,DR145,219,34,12/5/2026
INV000671,H004,DR146,179,18,4/11/2027
INV000672,H004,DR147,293,21,7/27/2026
INV000673,H004,DR148,263,11,10/6/2025
INV000674,H004,DR149,2,33,2/3/2026
INV000675,H004,DR150,181,12,10/28/2026
INV000676,H004,DR151,394,42,11/26/2025
INV000677,H004,DR152,281,23,10/7/2026
INV000678,H004,DR153,24,15,1/14/2026
INV000679,H004,DR154,205,14,1/28/2026
INV000680,H004,DR155,100,32,1/31/2026
INV000681,H004,DR156,222,34,10/13/2026
INV000682,H004,DR157,301,49,12/20/2026
INV000683,H004,DR158,70,27,8/13/2025
INV000684,H004,DR159,69,42,10/1/2025
INV000685,H004,DR160,157,48,8/22/2026
INV000686,H004,DR161,202,40,9/10/2026
INV000687,H004,DR162,284,32,10/18/2026
INV000688,H004,DR163,31,15,7/13/2026
INV000689,H004,DR164,2,29,1/22/2027
INV000690,H004,DR165,445,45,11/10/2026
INV000691,H004,DR166,423,14,11/8/2025
INV000692,H004,DR167,458,38,5/20/2026
INV000693,H004,DR168,257,10,5/22/2026
INV000694,H004,DR169,485,34,2/21/2027
INV000695,H004,DR170,86,45,8/27/2025
INV000696,H004,DR171,375,21,6/6/2025
INV000697,H004,DR172,176,41,7/21/2026
INV000698,H004,DR173,356,38,4/27/2026
INV000699,H004,DR174,276,15,4/12/2027
INV000700,H004,DR175,70,16,11/21/2026
INV000701,H005,DR001,486,13,5/30/2026
INV000702,H005,DR002,482,35,3/23/2026
INV000703,H005,DR003,244,17,3/16/2027
INV000704,H005,DR004,126,38,8/9/2026
INV000705,H005,DR005,351,39,2/5/2027
INV000706,H005,DR006,372,47,9/27/2025
INV000707,H005,DR007,87,26,7/5/2026
INV000708,H005,DR008,106,38,7/3/2026
INV000709,H005,DR009,36,26,11/9/2026
INV000710,H005,DR010,188,19,2/15/2027
INV000711,H005,DR011,326,28,4/22/2027
INV000712,H005,DR012,139,22,2/24/2027
INV000713,H005,DR013,408,50,10/17/2026
INV000714,H005,DR014,462,24,1/3/2026
INV000715,H005,DR015,483,46,2/3/2026
INV000716,H005,DR016,233,48,4/3/2026
INV000717,H005,DR017,253,18,10/10/2025
INV000718,H005,DR018,500,31,10/14/2026
INV000719,H005,DR019,160,21,4/26/2027
INV000720,H005,DR020,434,48,4/20/2026
INV000721,H005,DR021,81,48,11/14/2026
INV000722,H005,DR022,310,40,4/7/2026
INV000723,H005,DR023,91,31,2/7/2027
INV000724,H005,DR024,284,19,11/24/2026
INV000725,H005,DR025,247,22,2/13/2026
INV000726,H005,DR026,383,32,2/28/2026
INV000727,H005,DR027,161,24,12/21/2026
INV000728,H005,DR028,265,24,8/30/2026
INV000729,H005,DR029,129,38,2/18/2027
INV000730,H005,DR030,425,31,12/4/2025
INV000731,H005,DR031,494,49,2/28/2027
INV000732,H005,DR032,235,13,10/4/2026
INV000733,H005,DR033,408,43,9/27/2025
INV000734,H005,DR034,68,31,12/21/2026
INV000735,H005,DR035,92,29,8/7/2026
INV000736,H005,DR036,325,45,4/17/2027
INV000737,H005,DR037,304,34,11/23/2025
INV000738,H005,DR038,243,35,4/8/2026
INV000739,H005,DR039,426,30,6/4/2026
INV000740,H005,DR040,481,33,5/7/2027
INV000741,H005,DR041,410,18,10/18/2026
INV000742,H005,DR042,111,18,8/9/2026
INV000743,H005,DR043,24,42,12/9/2025
INV000744,H005,DR044,325,21,10/7/2026
INV000745,H005,DR045,216,19,4/13/2027
INV000746,H005,DR046,3,36,10/14/2026
INV000747,H005,DR047,445,41,7/10/2026
INV000748,H005,DR048,390,17,3/6/2027
INV000749,H005,DR049,2,21,1/3/2027
INV000750,H005,DR050,410,20,1/28/2027
INV000751,H005,DR051,265,35,4/22/2027
INV000752,H005,DR052,394,27,3/15/2027
INV000753,H005,DR053,274,30,4/7/2027
INV000754,H005,DR054,2,30,5/8/2026
INV000755,H005,DR055,312,46,1/21/2026
INV000756,H005,DR056,283,22,11/8/2026
INV000757,H005,DR057,125,15,3/14/2026
INV000758,H005,DR058,441,49,6/26/2026
INV000759,H005,DR059,200,50,10/6/2025
INV000760,H005,DR060,144,18,12/12/2025
INV000761,H005,DR061,254,44,11/9/2026
INV000762,H005,DR062,200,32,3/13/2027
INV000763,H005,DR063,230,30,11/16/2025
INV000764,H005,DR064,88,10,7/10/2026
INV000765,H005,DR065,160,41,5/25/2026
INV000766,H005,DR066,190,11,5/8/2027
INV000767,H005,DR067,227,40,3/17/2026
INV000768,H005,DR068,250,49,3/19/2027
INV000769,H005,DR069,42,33,12/14/2025
INV000770,H005,DR070,1,41,10/1/2025
INV000771,H005,DR071,142,29,2/7/2026
INV000772,H005,DR072,3,31,8/14/2025
INV000773,H005,DR073,460,11,8/14/2025
INV000774,H005,DR074,291,46,4/19/2027
INV000775,H005,DR075,388,17,12/19/2026
INV000776,H005,DR076,301,20,5/3/2027
INV000777,H005,DR077,465,48,12/31/2025
INV000778,H005,DR078,455,33,9/21/2025
INV000779,H005,DR079,4,38,11/8/2026
INV000780,H005,DR080,198,21,5/29/2025
INV000781,H005,DR081,445,48,11/4/2025
INV000782,H005,DR082,193,33,10/18/2026
INV000783,H005,DR083,486,20,10/30/2026
INV000784,H005,DR084,189,49,11/10/2026
INV000785,H005,DR085,285,38,12/21/2026
INV000786,H005,DR086,66,45,9/8/2026
INV000787,H005,DR087,260,32,12/9/2026
INV000788,H005,DR088,425,30,10/16/2026
INV000789,H005,DR089,460,34,1/12/2027
INV000790,H005,DR090,434,34,2/9/2026
INV000791,H005,DR091,450,20,8/23/2026
INV000792,H005,DR092,2,19,10/18/2026
INV000793,H005,DR093,300,15,2/18/2026
INV000794,H005,DR094,323,28,6/17/2025
INV000795,H005,DR095,288,49,6/21/2026
INV000796,H005,DR096,389,26,12/11/2026
INV000797,H005,DR097,499,13,12/6/2025
INV000798,H005,DR098,378,36,8/16/2025
INV000799,H005,DR099,121,47,3/2/2026
INV000800,H005,DR100,267,23,6/17/2026
INV000801,H005,DR101,236,18,4/14/2026
INV000802,H005,DR102,120,21,4/13/2026
INV000803,H005,DR103,322,26,12/19/2026
INV000804,H005,DR104,462,15,9/6/2025
INV000805,H005,DR105,377,18,12/14/2026
INV000806,H005,DR106,224,18,1/27/2027
INV000807,H005,DR107,445,40,3/1/2026
INV000808,H005,DR108,426,29,2/27/2026
INV000809,H005,DR109,412,10,5/22/2026
INV000810,H005,DR110,457,50,4/22/2026
INV000811,H005,DR111,70,10,7/4/2025
INV000812,H005,DR112,324,28,2/12/2026
INV000813,H005,DR113,45,32,9/7/2025
INV000814,H005,DR114,3,38,8/25/2026
INV000815,H005,DR115,226,11,10/19/2026
INV000816,H005,DR116,364,22,6/24/2026
INV000817,H005,DR117,489,43,3/20/2027
INV000818,H005,DR118,126,21,1/7/2026
INV000819,H005,DR119,263,10,5/19/2025
INV000820,H005,DR120,388,37,8/15/2026
INV000821,H005,DR121,269,28,11/25/2026
INV000822,H005,DR122,198,47,1/14/2027
INV000823,H005,DR123,115,23,3/29/2027
INV000824,H005,DR124,32,44,6/26/2026
INV000825,H005,DR125,124,42,10/4/2025
INV000826,H005,DR126,147,12,12/25/2026
INV000827,H005,DR127,2,44,1/31/2026
INV000828,H005,DR128,285,26,10/13/2025
INV000829,H005,DR129,495,38,8/30/2026
INV000830,H005,DR130,170,48,9/11/2025
INV000831,H005,DR131,264,33,2/18/2026
INV000832,H005,DR132,141,21,4/28/2027
INV000833,H005,DR133,334,40,12/8/2025
INV000834,H005,DR134,315,37,10/15/2026
INV000835,H005,DR135,164,29,11/19/2025
INV000836,H005,DR136,360,24,8/28/2026
INV000837,H005,DR137,182,44,7/1/2026
INV000838,H005,DR138,472,17,1/21/2027
INV000839,H005,DR139,94,48,3/11/2027
INV000840,H005,DR140,95,40,9/23/2026
INV000841,H005,DR141,126,16,9/4/2025
INV000842,H005,DR142,43,28,12/9/2025
INV000843,H005,DR143,57,41,6/22/2026
INV000844,H005,DR144,277,25,5/5/2027
INV000845,H005,DR145,95,22,8/12/2025
INV000846,H005,DR146,341,18,8/24/2025
INV000847,H005,DR147,3,46,12/9/2026
INV000848,H005,DR148,255,28,12/19/2025
INV000849,H005,DR149,226,36,4/21/2026
INV000850,H005,DR150,287,19,5/26/2026
INV000851,H005,DR151,473,13,5/1/2027
INV000852,H005,DR152,249,39,8/26/2026
INV000853,H005,DR153,298,18,4/19/2027
INV000854,H005,DR154,28,42,12/15/2025
INV000855,H005,DR155,479,37,11/2/2025
INV000856,H005,DR156,4,50,12/6/2025
INV000857,H005,DR157,254,37,12/9/2026
INV000858,H005,DR158,322,33,8/24/2026
INV000859,H005,DR159,226,11,1/14/2027
INV000860,H005,DR160,186,45,6/4/2026
INV000861,H005,DR161,384,19,10/7/2025
INV000862,H005,DR162,341,16,4/12/2027
INV000863,H005,DR163,315,23,3/24/2026
INV000864,H005,DR164,189,43,9/10/2026
INV000865,H005,DR165,384,18,12/27/2026
INV000866,H005,DR166,0,46,11/3/2026
INV000867,H005,DR167,478,50,9/6/2025
INV000868,H005,DR168,187,33,6/2/2026
INV000869,H005,DR169,383,47,4/29/2026
INV000870,H005,DR170,70,28,8/7/2026
INV000871,H005,DR171,259,32,1/11/2027
INV000872,H005,DR172,2,41,1/12/2027
INV000873,H005,DR173,421,26,4/23/2026
INV000874,H005,DR174,441,13,3/4/2027
INV000875,H005,DR175,142,41,8/9/2025
INV000876,H006,DR001,369,27,10/8/2025
INV000877,H006,DR002,299,19,3/25/2027
INV000878,H006,DR003,171,16,2/23/2026
INV000879,H006,DR004,364,16,1/24/2026
INV000880,H006,DR005,183,19,9/4/2026
INV000881,H006,DR006,79,39,8/28/2026
INV000882,H006,DR007,93,18,12/18/2025
INV000883,H006,DR008,325,30,5/4/2027
INV000884,H006,DR009,200,17,8/9/2026
INV000885,H006,DR010,246,36,11/13/2026
INV000886,H006,DR011,320,37,9/15/2026
INV000887,H006,DR012,3,34,6/3/2026
INV000888,H006,DR013,53,20,11/11/2025
INV000889,H006,DR014,146,23,3/29/2026
INV000890,H006,DR015,327,40,11/8/2026
INV000891,H006,DR016,117,41,6/22/2026
INV000892,H006,DR017,324,32,4/28/2026
INV000893,H006,DR018,290,10,4/28/2026
INV000894,H006,DR019,400,36,6/20/2025
INV000895,H006,DR020,370,38,1/15/2026
INV000896,H006,DR021,217,20,9/15/2026
INV000897,H006,DR022,189,41,8/19/2025
INV000898,H006,DR023,372,38,8/30/2025
INV000899,H006,DR024,95,18,10/11/2026
INV000900,H006,DR025,256,37,11/12/2026
INV000901,H006,DR026,99,43,8/21/2025
INV000902,H006,DR027,262,11,12/2/2025
INV000903,H006,DR028,180,15,11/18/2026
INV000904,H006,DR029,235,37,1/5/2026
INV000905,H006,DR030,379,23,9/27/2025
INV000906,H006,DR031,113,33,3/24/2026
INV000907,H006,DR032,187,48,1/15/2026
INV000908,H006,DR033,51,16,12/20/2025
INV000909,H006,DR034,321,34,1/16/2027
INV000910,H006,DR035,420,35,1/20/2027
INV000911,H006,DR036,351,38,2/4/2026
INV000912,H006,DR037,258,17,2/12/2026
INV000913,H006,DR038,482,30,1/7/2027
INV000914,H006,DR039,27,16,7/10/2026
INV000915,H006,DR040,166,28,8/25/2025
INV000916,H006,DR041,446,48,12/29/2026
INV000917,H006,DR042,87,44,9/29/2025
INV000918,H006,DR043,195,50,3/3/2026
INV000919,H006,DR044,29,43,6/27/2026
INV000920,H006,DR045,279,18,12/28/2026
INV000921,H006,DR046,467,43,1/7/2026
INV000922,H006,DR047,268,36,10/27/2026
INV000923,H006,DR048,194,49,12/10/2026
INV000924,H006,DR049,64,44,4/24/2027
INV000925,H006,DR050,285,11,7/2/2025
INV000926,H006,DR051,178,23,8/3/2026
INV000927,H006,DR052,123,38,11/27/2025
INV000928,H006,DR053,289,11,9/18/2026
INV000929,H006,DR054,1,45,9/18/2026
INV000930,H006,DR055,391,44,10/15/2025
INV000931,H006,DR056,324,39,5/28/2026
INV000932,H006,DR057,313,36,3/14/2026
INV000933,H006,DR058,57,41,11/21/2026
INV000934,H006,DR059,137,36,11/23/2026
INV000935,H006,DR060,486,21,9/3/2025
INV000936,H006,DR061,90,26,4/25/2026
INV000937,H006,DR062,139,15,7/28/2026
INV000938,H006,DR063,203,19,5/10/2026
INV000939,H006,DR064,466,35,9/4/2026
INV000940,H006,DR065,277,26,12/5/2026
INV000941,H006,DR066,93,25,6/10/2026
INV000942,H006,DR067,231,29,12/25/2026
INV000943,H006,DR068,288,15,4/18/2026
INV000944,H006,DR069,180,14,3/20/2027
INV000945,H006,DR070,38,19,4/9/2027
INV000946,H006,DR071,50,32,8/27/2026
INV000947,H006,DR072,330,49,12/23/2025
INV000948,H006,DR073,331,17,11/9/2025
INV000949,H006,DR074,0,15,1/2/2026
INV000950,H006,DR075,425,31,8/26/2025
INV000951,H006,DR076,393,32,1/6/2027
INV000952,H006,DR077,317,36,4/16/2026
INV000953,H006,DR078,427,13,8/8/2025
INV000954,H006,DR079,285,45,1/28/2027
INV000955,H006,DR080,75,40,7/15/2026
INV000956,H006,DR081,464,42,10/20/2025
INV000957,H006,DR082,97,46,3/4/2026
INV000958,H006,DR083,110,33,1/2/2026
INV000959,H006,DR084,46,34,2/4/2027
INV000960,H006,DR085,24,29,6/23/2026
INV000961,H006,DR086,238,19,1/13/2026
INV000962,H006,DR087,351,30,10/17/2025
INV000963,H006,DR088,60,23,10/20/2026
INV000964,H006,DR089,443,18,2/12/2027
INV000965,H006,DR090,179,38,4/27/2027
INV000966,H006,DR091,458,27,2/3/2026
INV000967,H006,DR092,53,16,9/30/2025
INV000968,H006,DR093,429,44,4/11/2026
INV000969,H006,DR094,384,32,1/6/2026
INV000970,H006,DR095,126,22,5/4/2026
INV000971,H006,DR096,461,35,11/1/2026
INV000972,H006,DR097,164,22,11/1/2026
INV000973,H006,DR098,97,33,5/12/2026
INV000974,H006,DR099,264,13,6/29/2025
INV000975,H006,DR100,166,31,2/23/2027
INV000976,H006,DR101,485,21,2/24/2026
INV000977,H006,DR102,173,50,12/31/2025
INV000978,H006,DR103,303,25,5/12/2026
INV000979,H006,DR104,378,23,5/12/2025
INV000980,H006,DR105,59,18,3/30/2026
INV000981,H006,DR106,194,18,8/25/2026
INV000982,H006,DR107,123,45,8/25/2025
INV000983,H006,DR108,27,50,6/28/2026
INV000984,H006,DR109,99,27,12/16/2026
INV000985,H006,DR110,185,12,7/7/2026
INV000986,H006,DR111,316,44,4/28/2026
INV000987,H006,DR112,402,14,2/6/2027
INV000988,H006,DR113,236,21,10/17/2025
INV000989,H006,DR114,412,40,9/8/2025
INV000990,H006,DR115,143,16,11/4/2025
INV000991,H006,DR116,444,16,9/11/2026
INV000992,H006,DR117,294,27,8/16/2026
INV000993,H006,DR118,382,12,9/12/2026
INV000994,H006,DR119,218,36,11/10/2025
INV000995,H006,DR120,78,42,1/26/2026
INV000996,H006,DR121,212,18,2/15/2026
INV000997,H006,DR122,2,25,9/14/2026
INV000998,H006,DR123,396,32,8/19/2026
INV000999,H006,DR124,108,10,12/7/2025
INV001000,H006,DR125,136,25,3/27/2026
INV001001,H006,DR126,374,46,11/13/2026
INV001002,H006,DR127,218,39,10/2/2025
INV001003,H006,DR128,134,50,10/26/2025
INV001004,H006,DR129,256,36,8/30/2026
INV001005,H006,DR130,101,36,12/27/2026
INV001006,H006,DR131,300,23,9/25/2026
INV001007,H006,DR132,341,36,3/18/2027
INV001008,H006,DR133,138,43,6/8/2026
INV001009,H006,DR134,172,49,11/13/2025
INV001010,H006,DR135,465,43,8/21/2025
INV001011,H006,DR136,71,11,12/31/2025
INV001012,H006,DR137,23,24,3/17/2027
INV001013,H006,DR138,333,47,1/14/2026
INV001014,H006,DR139,1,19,2/28/2027
INV001015,H006,DR140,330,23,4/18/2026
INV001016,H006,DR141,346,44,1/14/2026
INV001017,H006,DR142,4,43,1/5/2026
INV001018,H006,DR143,3,27,6/14/2025
INV001019,H006,DR144,72,37,2/25/2027
INV001020,H006,DR145,73,45,11/18/2025
INV001021,H006,DR146,179,15,1/7/2026
INV001022,H006,DR147,43,21,5/5/2027
INV001023,H006,DR148,448,38,7/9/2026
INV001024,H006,DR149,91,49,2/11/2027
INV001025,H006,DR150,0,11,5/9/2027
INV001026,H006,DR151,195,14,1/1/2026
INV001027,H006,DR152,206,38,1/21/2027
INV001028,H006,DR153,312,45,12/24/2025
INV001029,H006,DR154,419,10,10/4/2026
INV001030,H006,DR155,242,36,10/29/2026
INV001031,H006,DR156,317,12,6/27/2026
INV001032,H006,DR157,374,27,5/12/2025
INV001033,H006,DR158,88,48,11/6/2025
INV001034,H006,DR159,388,40,8/15/2026
INV001035,H006,DR160,207,25,9/12/2026
INV001036,H006,DR161,326,27,4/22/2026
INV001037,H006,DR162,26,12,2/27/2027
INV001038,H006,DR163,420,34,11/14/2025
INV001039,H006,DR164,54,40,1/28/2027
INV001040,H006,DR165,328,45,4/5/2026
INV001041,H006,DR166,64,44,12/5/2025
INV001042,H006,DR167,50,25,3/26/2026
INV001043,H006,DR168,484,19,10/5/2026
INV001044,H006,DR169,477,18,2/28/2026
INV001045,H006,DR170,359,27,8/7/2026
INV001046,H006,DR171,443,10,11/19/2025
INV001047,H006,DR172,42,48,2/12/2027
INV001048,H006,DR173,94,16,12/11/2025
INV001049,H006,DR174,236,42,9/25/2025
INV001050,H006,DR175,456,35,4/24/2027
INV001051,H007,DR001,216,45,7/1/2025
INV001052,H007,DR002,45,25,4/8/2026
INV001053,H007,DR003,323,22,11/2/2026
INV001054,H007,DR004,415,25,3/7/2027
INV001055,H007,DR005,331,24,8/21/2025
INV001056,H007,DR006,423,16,12/29/2026
INV001057,H007,DR007,294,12,8/17/2026
INV001058,H007,DR008,466,39,11/13/2026
INV001059,H007,DR009,38,28,4/21/2026
INV001060,H007,DR010,144,49,3/22/2026
INV001061,H007,DR011,142,13,3/14/2027
INV001062,H007,DR012,493,42,8/31/2026
INV001063,H007,DR013,267,20,3/4/2027
INV001064,H007,DR014,412,36,2/27/2027
INV001065,H007,DR015,142,42,12/5/2026
INV001066,H007,DR016,415,27,12/28/2025
INV001067,H007,DR017,164,31,4/23/2027
INV001068,H007,DR018,159,26,3/23/2026
INV001069,H007,DR019,236,28,3/23/2027
INV001070,H007,DR020,26,50,9/16/2026
INV001071,H007,DR021,5,26,2/1/2027
INV001072,H007,DR022,236,14,6/24/2026
INV001073,H007,DR023,228,19,5/30/2025
INV001074,H007,DR024,239,41,2/8/2026
INV001075,H007,DR025,57,27,12/16/2026
INV001076,H007,DR026,210,32,5/30/2025
INV001077,H007,DR027,34,47,4/21/2027
INV001078,H007,DR028,206,34,9/10/2026
INV001079,H007,DR029,464,12,12/2/2026
INV001080,H007,DR030,407,19,1/27/2027
INV001081,H007,DR031,446,32,10/18/2026
INV001082,H007,DR032,207,27,8/7/2025
INV001083,H007,DR033,462,14,5/7/2027
INV001084,H007,DR034,467,43,12/28/2025
INV001085,H007,DR035,2,33,8/31/2026
INV001086,H007,DR036,186,36,2/17/2027
INV001087,H007,DR037,109,17,2/7/2026
INV001088,H007,DR038,372,32,10/23/2025
INV001089,H007,DR039,136,17,8/20/2025
INV001090,H007,DR040,115,13,8/7/2026
INV001091,H007,DR041,240,48,9/22/2025
INV001092,H007,DR042,416,35,5/19/2026
INV001093,H007,DR043,378,38,11/26/2026
INV001094,H007,DR044,68,17,1/23/2027
INV001095,H007,DR045,419,28,7/5/2026
INV001096,H007,DR046,4,46,11/6/2026
INV001097,H007,DR047,215,49,9/30/2025
INV001098,H007,DR048,223,23,8/12/2026
INV001099,H007,DR049,52,21,8/10/2025
INV001100,H007,DR050,167,50,4/9/2027
INV001101,H007,DR051,111,34,12/22/2026
INV001102,H007,DR052,458,34,4/22/2026
INV001103,H007,DR053,89,17,8/18/2026
INV001104,H007,DR054,2,33,8/28/2025
INV001105,H007,DR055,380,39,1/3/2026
INV001106,H007,DR056,177,37,1/15/2027
INV001107,H007,DR057,180,23,9/20/2026
INV001108,H007,DR058,464,32,12/11/2025
INV001109,H007,DR059,52,25,11/30/2026
INV001110,H007,DR060,141,41,12/23/2026
INV001111,H007,DR061,439,36,1/18/2026
INV001112,H007,DR062,283,20,11/8/2026
INV001113,H007,DR063,2,35,10/19/2026
INV001114,H007,DR064,189,20,6/2/2026
INV001115,H007,DR065,196,44,4/8/2026
INV001116,H007,DR066,480,48,9/22/2025
INV001117,H007,DR067,354,22,2/24/2026
INV001118,H007,DR068,111,42,4/25/2027
INV001119,H007,DR069,202,23,12/26/2025
INV001120,H007,DR070,438,22,4/5/2026
INV001121,H007,DR071,5,37,3/23/2026
INV001122,H007,DR072,451,44,3/27/2027
INV001123,H007,DR073,269,13,5/1/2027
INV001124,H007,DR074,357,32,6/4/2025
INV001125,H007,DR075,310,11,12/23/2025
INV001126,H007,DR076,107,45,10/9/2026
INV001127,H007,DR077,375,28,3/24/2027
INV001128,H007,DR078,346,21,9/10/2025
INV001129,H007,DR079,5,15,6/10/2025
INV001130,H007,DR080,480,46,6/17/2025
INV001131,H007,DR081,388,47,2/17/2027
INV001132,H007,DR082,23,14,9/12/2025
INV001133,H007,DR083,3,39,6/12/2026
INV001134,H007,DR084,1,49,10/31/2026
INV001135,H007,DR085,260,24,5/3/2026
INV001136,H007,DR086,259,37,1/11/2027
INV001137,H007,DR087,449,32,12/22/2025
INV001138,H007,DR088,0,46,8/15/2026
INV001139,H007,DR089,173,17,3/10/2026
INV001140,H007,DR090,5,45,10/14/2025
INV001141,H007,DR091,247,48,3/28/2026
INV001142,H007,DR092,59,46,12/2/2026
INV001143,H007,DR093,29,44,10/18/2025
INV001144,H007,DR094,3,28,11/4/2026
INV001145,H007,DR095,114,33,8/19/2026
INV001146,H007,DR096,84,18,8/25/2026
INV001147,H007,DR097,45,19,4/6/2027
INV001148,H007,DR098,268,25,10/23/2026
INV001149,H007,DR099,243,44,5/22/2026
INV001150,H007,DR100,2,36,12/20/2026
INV001151,H007,DR101,2,13,4/9/2027
INV001152,H007,DR102,187,50,1/20/2026
INV001153,H007,DR103,410,30,8/16/2025
INV001154,H007,DR104,77,44,9/23/2026
INV001155,H007,DR105,147,44,2/19/2027
INV001156,H007,DR106,150,41,5/29/2026
INV001157,H007,DR107,466,15,4/16/2026
INV001158,H007,DR108,4,31,5/9/2026
INV001159,H007,DR109,45,39,10/14/2026
INV001160,H007,DR110,393,25,9/30/2026
INV001161,H007,DR111,385,43,10/20/2026
INV001162,H007,DR112,354,45,3/20/2027
INV001163,H007,DR113,322,37,5/28/2026
INV001164,H007,DR114,460,17,3/27/2027
INV001165,H007,DR115,200,27,5/15/2026
INV001166,H007,DR116,130,30,11/7/2026
INV001167,H007,DR117,370,14,2/13/2026
INV001168,H007,DR118,326,24,5/7/2026
INV001169,H007,DR119,196,36,4/22/2027
INV001170,H007,DR120,200,28,9/20/2026
INV001171,H007,DR121,439,31,5/23/2026
INV001172,H007,DR122,301,36,12/2/2025
INV001173,H007,DR123,281,26,1/11/2026
INV001174,H007,DR124,178,10,6/5/2026
INV001175,H007,DR125,363,35,1/30/2026
INV001176,H007,DR126,223,23,3/6/2026
INV001177,H007,DR127,3,41,11/29/2025
INV001178,H007,DR128,497,33,6/20/2026
INV001179,H007,DR129,118,26,12/25/2025
INV001180,H007,DR130,165,24,7/13/2026
INV001181,H007,DR131,80,16,4/2/2026
INV001182,H007,DR132,174,46,9/22/2026
INV001183,H007,DR133,4,30,4/29/2027
INV001184,H007,DR134,297,10,8/31/2025
INV001185,H007,DR135,48,20,3/15/2027
INV001186,H007,DR136,31,39,2/5/2026
INV001187,H007,DR137,108,16,8/31/2025
INV001188,H007,DR138,230,34,4/29/2027
INV001189,H007,DR139,338,18,3/19/2027
INV001190,H007,DR140,373,43,3/8/2027
INV001191,H007,DR141,352,37,1/15/2027
INV001192,H007,DR142,480,48,5/5/2027
INV001193,H007,DR143,233,11,12/6/2026
INV001194,H007,DR144,426,50,12/2/2025
INV001195,H007,DR145,237,25,6/18/2026
INV001196,H007,DR146,273,30,8/4/2026
INV001197,H007,DR147,357,39,1/8/2027
INV001198,H007,DR148,446,14,9/22/2025
INV001199,H007,DR149,349,16,1/19/2027
INV001200,H007,DR150,232,38,11/12/2026
INV001201,H007,DR151,0,20,11/28/2026
INV001202,H007,DR152,205,30,9/10/2025
INV001203,H007,DR153,239,18,11/26/2025
INV001204,H007,DR154,161,27,4/20/2027
INV001205,H007,DR155,295,50,11/20/2026
INV001206,H007,DR156,88,27,10/29/2025
INV001207,H007,DR157,257,10,1/14/2027
INV001208,H007,DR158,174,15,2/21/2027
INV001209,H007,DR159,138,16,8/30/2025
INV001210,H007,DR160,426,32,9/19/2026
INV001211,H007,DR161,335,17,2/28/2026
INV001212,H007,DR162,102,45,10/22/2026
INV001213,H007,DR163,54,26,3/31/2026
INV001214,H007,DR164,184,39,12/13/2025
INV001215,H007,DR165,197,14,1/13/2027
INV001216,H007,DR166,439,36,9/6/2025
INV001217,H007,DR167,405,17,10/9/2025
INV001218,H007,DR168,431,39,4/7/2027
INV001219,H007,DR169,140,45,11/10/2026
INV001220,H007,DR170,446,16,7/27/2026
INV001221,H007,DR171,2,35,9/4/2026
INV001222,H007,DR172,5,36,8/10/2026
INV001223,H007,DR173,418,44,1/7/2027
INV001224,H007,DR174,115,29,10/29/2026
INV001225,H007,DR175,91,27,10/27/2026
INV001226,H008,DR001,292,31,11/2/2026
INV001227,H008,DR002,409,39,5/2/2026
INV001228,H008,DR003,327,33,11/5/2026
INV001229,H008,DR004,219,40,9/15/2025
INV001230,H008,DR005,383,29,5/23/2026
INV001231,H008,DR006,449,45,5/5/2026
INV001232,H008,DR007,221,29,6/5/2026
INV001233,H008,DR008,4,25,1/28/2027
INV001234,H008,DR009,73,44,11/14/2025
INV001235,H008,DR010,1,34,2/17/2026
INV001236,H008,DR011,144,16,6/14/2026
INV001237,H008,DR012,433,50,4/1/2026
INV001238,H008,DR013,367,15,2/14/2026
INV001239,H008,DR014,414,40,11/3/2026
INV001240,H008,DR015,74,15,11/1/2026
INV001241,H008,DR016,355,10,3/4/2026
INV001242,H008,DR017,182,10,11/14/2025
INV001243,H008,DR018,170,43,11/25/2026
INV001244,H008,DR019,102,43,5/5/2027
INV001245,H008,DR020,201,12,12/24/2026
INV001246,H008,DR021,280,17,12/30/2025
INV001247,H008,DR022,250,48,11/30/2026
INV001248,H008,DR023,479,12,3/19/2026
INV001249,H008,DR024,112,30,12/4/2025
INV001250,H008,DR025,117,36,1/17/2026
INV001251,H008,DR026,189,13,10/1/2025
INV001252,H008,DR027,477,46,4/14/2027
INV001253,H008,DR028,272,17,6/18/2025
INV001254,H008,DR029,379,28,3/9/2026
INV001255,H008,DR030,462,20,3/11/2027
INV001256,H008,DR031,0,49,1/12/2026
INV001257,H008,DR032,204,50,11/20/2025
INV001258,H008,DR033,135,22,11/22/2025
INV001259,H008,DR034,486,33,10/15/2026
INV001260,H008,DR035,439,22,10/2/2025
INV001261,H008,DR036,351,16,10/18/2025
INV001262,H008,DR037,189,20,9/10/2025
INV001263,H008,DR038,23,23,4/9/2027
INV001264,H008,DR039,301,29,9/30/2026
INV001265,H008,DR040,476,44,10/17/2026
INV001266,H008,DR041,326,46,4/20/2027
INV001267,H008,DR042,389,12,9/14/2025
INV001268,H008,DR043,416,23,11/19/2026
INV001269,H008,DR044,129,35,1/2/2027
INV001270,H008,DR045,341,44,9/3/2026
INV001271,H008,DR046,122,27,10/26/2026
INV001272,H008,DR047,248,15,7/15/2026
INV001273,H008,DR048,23,41,6/20/2026
INV001274,H008,DR049,301,12,9/11/2026
INV001275,H008,DR050,251,34,10/15/2025
INV001276,H008,DR051,1,26,2/5/2027
INV001277,H008,DR052,282,42,10/20/2025
INV001278,H008,DR053,139,23,4/21/2027
INV001279,H008,DR054,153,13,5/20/2026
INV001280,H008,DR055,160,41,12/7/2026
INV001281,H008,DR056,65,44,5/27/2026
INV001282,H008,DR057,143,38,9/26/2025
INV001283,H008,DR058,115,26,12/2/2026
INV001284,H008,DR059,317,10,11/17/2025
INV001285,H008,DR060,310,18,12/12/2026
INV001286,H008,DR061,254,14,2/2/2026
INV001287,H008,DR062,139,48,5/5/2027
INV001288,H008,DR063,283,31,12/30/2025
INV001289,H008,DR064,360,27,4/26/2026
INV001290,H008,DR065,491,39,10/18/2026
INV001291,H008,DR066,249,37,11/15/2025
INV001292,H008,DR067,43,42,8/24/2026
INV001293,H008,DR068,118,28,2/20/2027
INV001294,H008,DR069,470,49,10/17/2026
INV001295,H008,DR070,286,13,1/12/2026
INV001296,H008,DR071,403,14,3/11/2027
INV001297,H008,DR072,55,10,1/5/2027
INV001298,H008,DR073,2,24,9/11/2026
INV001299,H008,DR074,84,44,3/3/2027
INV001300,H008,DR075,250,33,3/3/2026
INV001301,H008,DR076,300,25,10/9/2026
INV001302,H008,DR077,205,47,7/27/2026
INV001303,H008,DR078,289,22,10/23/2026
INV001304,H008,DR079,324,24,9/11/2025
INV001305,H008,DR080,258,37,1/20/2027
INV001306,H008,DR081,280,43,1/27/2027
INV001307,H008,DR082,148,13,11/19/2025
INV001308,H008,DR083,185,14,3/18/2027
INV001309,H008,DR084,114,33,4/13/2026
INV001310,H008,DR085,424,41,12/24/2025
INV001311,H008,DR086,303,13,5/20/2025
INV001312,H008,DR087,368,25,2/5/2026
INV001313,H008,DR088,335,10,2/19/2026
INV001314,H008,DR089,225,45,11/5/2026
INV001315,H008,DR090,231,30,12/13/2026
INV001316,H008,DR091,187,21,10/3/2025
INV001317,H008,DR092,452,40,1/15/2026
INV001318,H008,DR093,220,18,4/29/2026
INV001319,H008,DR094,283,17,9/11/2025
INV001320,H008,DR095,333,23,11/10/2025
INV001321,H008,DR096,38,32,3/1/2026
INV001322,H008,DR097,33,34,7/1/2026
INV001323,H008,DR098,227,48,2/23/2026
INV001324,H008,DR099,21,36,1/13/2027
INV001325,H008,DR100,335,44,12/1/2026
INV001326,H008,DR101,302,32,9/18/2026
INV001327,H008,DR102,107,50,12/7/2025
INV001328,H008,DR103,340,26,2/5/2026
INV001329,H008,DR104,35,31,5/10/2026
INV001330,H008,DR105,445,20,9/2/2026
INV001331,H008,DR106,398,20,10/29/2025
INV001332,H008,DR107,489,49,7/8/2026
INV001333,H008,DR108,481,34,3/28/2027
INV001334,H008,DR109,3,47,9/3/2026
INV001335,H008,DR110,205,10,9/18/2026
INV001336,H008,DR111,418,26,4/29/2026
INV001337,H008,DR112,64,42,2/5/2026
INV001338,H008,DR113,187,34,5/18/2026
INV001339,H008,DR114,42,29,8/6/2026
INV001340,H008,DR115,220,20,5/25/2026
INV001341,H008,DR116,417,15,1/14/2027
INV001342,H008,DR117,477,27,2/9/2026
INV001343,H008,DR118,311,12,5/8/2027
INV001344,H008,DR119,154,40,9/2/2025
INV001345,H008,DR120,478,17,12/27/2025
INV001346,H008,DR121,334,50,5/30/2026
INV001347,H008,DR122,399,16,5/30/2025
INV001348,H008,DR123,225,22,8/4/2026
INV001349,H008,DR124,357,11,6/29/2026
INV001350,H008,DR125,196,48,12/16/2026
INV001351,H008,DR126,0,34,7/2/2026
INV001352,H008,DR127,33,26,5/10/2025
INV001353,H008,DR128,433,18,10/1/2026
INV001354,H008,DR129,433,27,3/13/2026
INV001355,H008,DR130,191,41,6/16/2025
INV001356,H008,DR131,218,20,11/24/2026
INV001357,H008,DR132,91,43,5/21/2025
INV001358,H008,DR133,243,16,2/16/2026
INV001359,H008,DR134,38,42,6/2/2026
INV001360,H008,DR135,234,47,5/24/2026
INV001361,H008,DR136,487,26,8/23/2026
INV001362,H008,DR137,60,38,8/3/2026
INV001363,H008,DR138,467,23,11/26/2025
INV001364,H008,DR139,159,40,11/2/2025
INV001365,H008,DR140,54,37,7/4/2026
INV001366,H008,DR141,423,10,10/31/2026
INV001367,H008,DR142,29,16,2/15/2026
INV001368,H008,DR143,435,31,9/25/2026
INV001369,H008,DR144,147,19,12/15/2025
INV001370,H008,DR145,369,40,3/23/2027
INV001371,H008,DR146,325,47,12/3/2026
INV001372,H008,DR147,485,10,3/22/2027
INV001373,H008,DR148,448,22,1/18/2027
INV001374,H008,DR149,300,21,11/20/2025
INV001375,H008,DR150,288,40,8/15/2026
INV001376,H008,DR151,130,14,11/30/2025
INV001377,H008,DR152,373,47,9/17/2025
INV001378,H008,DR153,138,45,8/26/2025
INV001379,H008,DR154,291,25,1/11/2026
INV001380,H008,DR155,193,42,12/11/2025
INV001381,H008,DR156,108,32,12/1/2026
INV001382,H008,DR157,125,39,2/25/2026
INV001383,H008,DR158,177,17,10/12/2025
INV001384,H008,DR159,166,11,5/7/2027
INV001385,H008,DR160,141,30,3/13/2026
INV001386,H008,DR161,108,29,11/29/2025
INV001387,H008,DR162,57,42,5/5/2027
INV001388,H008,DR163,213,13,12/22/2026
INV001389,H008,DR164,184,31,4/24/2027
INV001390,H008,DR165,269,46,1/18/2026
INV001391,H008,DR166,5,27,11/5/2025
INV001392,H008,DR167,423,50,1/15/2026
INV001393,H008,DR168,288,24,1/8/2026
INV001394,H008,DR169,356,13,6/15/2026
INV001395,H008,DR170,234,50,2/16/2027
INV001396,H008,DR171,155,48,3/13/2026
INV001397,H008,DR172,360,26,6/15/2026
INV001398,H008,DR173,214,23,4/10/2026
INV001399,H008,DR174,39,18,5/10/2025
INV001400,H008,DR175,271,13,12/26/2026
