icu_status_id,hospital_id,occupied_beds,available_beds,update_time
ICU000001,H001,40,20,2024-05-09 10:16:00
ICU000002,H001,36,24,2024-05-12 18:00:00
ICU000003,H001,37,23,2024-05-15 17:41:00
ICU000004,H001,30,30,2024-05-18 12:48:00
ICU000005,H001,42,18,2024-05-21 16:07:00
ICU000006,H001,38,22,2024-05-24 16:07:00
ICU000007,H001,51,9,2024-05-27 10:53:00
ICU000008,H001,43,17,2024-05-30 07:51:00
ICU000009,H001,20,40,2024-06-02 09:47:00
ICU000010,H001,33,27,2024-06-05 06:25:00
ICU000011,H001,31,29,2024-06-08 18:10:00
ICU000012,H001,35,25,2024-06-11 12:47:00
ICU000013,H001,47,13,2024-06-14 08:50:00
ICU000014,H001,41,19,2024-06-17 07:30:00
ICU000015,H001,30,30,2024-06-20 19:29:00
ICU000016,H001,25,35,2024-06-23 16:40:00
ICU000017,H001,24,36,2024-06-26 12:51:00
ICU000018,H001,47,13,2024-06-29 13:26:00
ICU000019,H001,47,13,2024-07-02 19:43:00
ICU000020,H001,46,14,2024-07-05 22:55:00
ICU000021,H001,37,23,2024-07-08 12:59:00
ICU000022,H001,30,30,2024-07-11 22:17:00
ICU000023,H001,39,21,2024-07-14 16:16:00
ICU000024,H001,37,23,2024-07-17 09:20:00
ICU000025,H001,42,18,2024-07-20 10:26:00
ICU000026,H001,40,20,2024-07-23 14:43:00
ICU000027,H001,37,23,2024-07-26 20:48:00
ICU000028,H001,44,16,2024-07-29 09:28:00
ICU000029,H001,35,25,2024-08-01 10:42:00
ICU000030,H001,29,31,2024-08-04 18:16:00
ICU000031,H001,40,20,2024-08-07 17:58:00
ICU000032,H001,28,32,2024-08-10 22:24:00
ICU000033,H001,44,16,2024-08-13 22:15:00
ICU000034,H001,37,23,2024-08-16 11:45:00
ICU000035,H001,42,18,2024-08-19 21:33:00
ICU000036,H001,36,24,2024-08-22 17:29:00
ICU000037,H001,42,18,2024-08-25 13:35:00
ICU000038,H001,24,36,2024-08-28 18:33:00
ICU000039,H001,41,19,2024-08-31 21:56:00
ICU000040,H001,52,8,2024-09-03 22:03:00
ICU000041,H001,49,11,2024-09-06 17:59:00
ICU000042,H001,45,15,2024-09-09 08:58:00
ICU000043,H001,39,21,2024-09-12 14:54:00
ICU000044,H001,38,22,2024-09-15 21:41:00
ICU000045,H001,36,24,2024-09-18 08:56:00
ICU000046,H001,52,8,2024-09-21 08:00:00
ICU000047,H001,32,28,2024-09-24 12:26:00
ICU000048,H001,51,9,2024-09-27 20:49:00
ICU000049,H001,45,15,2024-09-30 06:32:00
ICU000050,H001,41,19,2024-10-03 16:03:00
ICU000051,H001,42,18,2024-10-06 22:40:00
ICU000052,H001,51,9,2024-10-09 06:27:00
ICU000053,H001,36,24,2024-10-12 21:07:00
ICU000054,H001,41,19,2024-10-15 19:01:00
ICU000055,H001,48,12,2024-10-18 08:55:00
ICU000056,H001,46,14,2024-10-21 11:59:00
ICU000057,H001,41,19,2024-10-24 18:49:00
ICU000058,H001,53,7,2024-10-27 12:44:00
ICU000059,H001,50,10,2024-10-30 06:25:00
ICU000060,H001,50,10,2024-11-02 17:58:00
ICU000061,H001,60,0,2024-11-05 08:42:00
ICU000062,H001,52,8,2024-11-08 15:10:00
ICU000063,H001,60,0,2024-11-11 20:44:00
ICU000064,H001,51,9,2024-11-14 19:11:00
ICU000065,H001,47,13,2024-11-17 07:53:00
ICU000066,H001,54,6,2024-11-20 18:56:00
ICU000067,H001,55,5,2024-11-23 09:14:00
ICU000068,H001,56,4,2024-11-26 20:12:00
ICU000069,H001,60,0,2024-11-29 22:06:00
ICU000070,H001,60,0,2024-12-02 18:42:00
ICU000071,H001,60,0,2024-12-05 15:57:00
ICU000072,H001,60,0,2024-12-08 15:46:00
ICU000073,H001,60,0,2024-12-11 14:17:00
ICU000074,H001,60,0,2024-12-14 07:14:00
ICU000075,H001,60,0,2024-12-17 10:52:00
ICU000076,H001,59,1,2024-12-20 22:16:00
ICU000077,H001,60,0,2024-12-23 07:48:00
ICU000078,H001,60,0,2024-12-26 16:19:00
ICU000079,H001,59,1,2024-12-29 12:04:00
ICU000080,H001,60,0,2025-01-01 08:43:00
ICU000081,H001,60,0,2025-01-04 15:19:00
ICU000082,H001,60,0,2025-01-07 08:15:00
ICU000083,H001,60,0,2025-01-10 06:36:00
ICU000084,H001,60,0,2025-01-13 13:26:00
ICU000085,H001,60,0,2025-01-16 22:39:00
ICU000086,H001,60,0,2025-01-19 06:28:00
ICU000087,H001,60,0,2025-01-22 20:33:00
ICU000088,H001,60,0,2025-01-25 14:10:00
ICU000089,H001,60,0,2025-01-28 12:00:00
ICU000090,H001,60,0,2025-01-31 12:46:00
ICU000091,H001,60,0,2025-02-03 13:06:00
ICU000092,H001,60,0,2025-02-06 06:15:00
ICU000093,H001,60,0,2025-02-09 19:08:00
ICU000094,H001,60,0,2025-02-12 17:08:00
ICU000095,H001,60,0,2025-02-15 06:18:00
ICU000096,H001,60,0,2025-02-18 15:15:00
ICU000097,H001,60,0,2025-02-21 07:31:00
ICU000098,H001,60,0,2025-02-24 19:30:00
ICU000099,H001,60,0,2025-02-27 11:53:00
ICU000100,H001,60,0,2025-03-02 16:48:00
ICU000101,H001,60,0,2025-03-05 17:15:00
ICU000102,H001,57,3,2025-03-08 15:12:00
ICU000103,H001,60,0,2025-03-11 15:41:00
ICU000104,H001,60,0,2025-03-14 15:29:00
ICU000105,H001,60,0,2025-03-17 07:13:00
ICU000106,H001,60,0,2025-03-20 15:21:00
ICU000107,H001,60,0,2025-03-23 15:11:00
ICU000108,H001,60,0,2025-03-26 13:02:00
ICU000109,H001,59,1,2025-03-29 20:53:00
ICU000110,H001,44,16,2025-04-01 11:18:00
ICU000111,H001,43,17,2025-04-04 15:14:00
ICU000112,H001,53,7,2025-04-07 12:39:00
ICU000113,H001,48,12,2025-04-10 19:29:00
ICU000114,H001,51,9,2025-04-13 06:45:00
ICU000115,H001,55,5,2025-04-16 10:21:00
ICU000116,H001,42,18,2025-04-19 17:54:00
ICU000117,H001,37,23,2025-04-22 15:34:00
ICU000118,H001,44,16,2025-04-25 08:03:00
ICU000119,H001,48,12,2025-04-28 16:27:00
ICU000120,H001,43,17,2025-05-01 21:27:00
ICU000121,H001,44,16,2025-05-04 13:57:00
ICU000122,H001,36,24,2025-05-07 17:19:00
ICU000123,H002,17,13,2024-05-09 09:45:00
ICU000124,H002,18,12,2024-05-12 09:26:00
ICU000125,H002,18,12,2024-05-15 13:58:00
ICU000126,H002,15,15,2024-05-18 08:00:00
ICU000127,H002,21,9,2024-05-21 22:06:00
ICU000128,H002,15,15,2024-05-24 13:54:00
ICU000129,H002,20,10,2024-05-27 06:54:00
ICU000130,H002,19,11,2024-05-30 15:31:00
ICU000131,H002,15,15,2024-06-02 14:45:00
ICU000132,H002,17,13,2024-06-05 09:21:00
ICU000133,H002,14,16,2024-06-08 14:13:00
ICU000134,H002,15,15,2024-06-11 12:17:00
ICU000135,H002,11,19,2024-06-14 21:17:00
ICU000136,H002,11,19,2024-06-17 19:10:00
ICU000137,H002,16,14,2024-06-20 14:04:00
ICU000138,H002,14,16,2024-06-23 19:57:00
ICU000139,H002,17,13,2024-06-26 15:22:00
ICU000140,H002,13,17,2024-06-29 12:57:00
ICU000141,H002,20,10,2024-07-02 11:48:00
ICU000142,H002,25,5,2024-07-05 22:28:00
ICU000143,H002,22,8,2024-07-08 13:28:00
ICU000144,H002,18,12,2024-07-11 11:28:00
ICU000145,H002,22,8,2024-07-14 11:38:00
ICU000146,H002,23,7,2024-07-17 21:36:00
ICU000147,H002,15,15,2024-07-20 15:22:00
ICU000148,H002,14,16,2024-07-23 17:28:00
ICU000149,H002,18,12,2024-07-26 08:48:00
ICU000150,H002,23,7,2024-07-29 11:04:00
ICU000151,H002,17,13,2024-08-01 09:41:00
ICU000152,H002,18,12,2024-08-04 15:54:00
ICU000153,H002,18,12,2024-08-07 19:43:00
ICU000154,H002,12,18,2024-08-10 21:05:00
ICU000155,H002,23,7,2024-08-13 11:09:00
ICU000156,H002,20,10,2024-08-16 21:40:00
ICU000157,H002,19,11,2024-08-19 13:13:00
ICU000158,H002,22,8,2024-08-22 08:02:00
ICU000159,H002,14,16,2024-08-25 19:48:00
ICU000160,H002,21,9,2024-08-28 22:21:00
ICU000161,H002,22,8,2024-08-31 11:15:00
ICU000162,H002,21,9,2024-09-03 20:17:00
ICU000163,H002,23,7,2024-09-06 08:08:00
ICU000164,H002,21,9,2024-09-09 20:28:00
ICU000165,H002,18,12,2024-09-12 21:04:00
ICU000166,H002,26,4,2024-09-15 11:29:00
ICU000167,H002,18,12,2024-09-18 17:48:00
ICU000168,H002,19,11,2024-09-21 14:17:00
ICU000169,H002,15,15,2024-09-24 11:53:00
ICU000170,H002,24,6,2024-09-27 16:59:00
ICU000171,H002,21,9,2024-09-30 19:00:00
ICU000172,H002,26,4,2024-10-03 22:32:00
ICU000173,H002,26,4,2024-10-06 18:17:00
ICU000174,H002,26,4,2024-10-09 09:45:00
ICU000175,H002,24,6,2024-10-12 07:22:00
ICU000176,H002,23,7,2024-10-15 15:03:00
ICU000177,H002,24,6,2024-10-18 18:03:00
ICU000178,H002,22,8,2024-10-21 06:28:00
ICU000179,H002,27,3,2024-10-24 09:59:00
ICU000180,H002,18,12,2024-10-27 09:38:00
ICU000181,H002,16,14,2024-10-30 06:20:00
ICU000182,H002,21,9,2024-11-02 19:14:00
ICU000183,H002,26,4,2024-11-05 20:42:00
ICU000184,H002,28,2,2024-11-08 07:11:00
ICU000185,H002,30,0,2024-11-11 18:07:00
ICU000186,H002,30,0,2024-11-14 12:41:00
ICU000187,H002,28,2,2024-11-17 21:10:00
ICU000188,H002,27,3,2024-11-20 12:23:00
ICU000189,H002,29,1,2024-11-23 16:53:00
ICU000190,H002,30,0,2024-11-26 10:00:00
ICU000191,H002,30,0,2024-11-29 07:30:00
ICU000192,H002,30,0,2024-12-02 19:17:00
ICU000193,H002,30,0,2024-12-05 17:02:00
ICU000194,H002,30,0,2024-12-08 16:03:00
ICU000195,H002,30,0,2024-12-11 21:54:00
ICU000196,H002,30,0,2024-12-14 08:30:00
ICU000197,H002,30,0,2024-12-17 14:59:00
ICU000198,H002,30,0,2024-12-20 20:26:00
ICU000199,H002,30,0,2024-12-23 16:54:00
ICU000200,H002,30,0,2024-12-26 14:41:00
ICU000201,H002,30,0,2024-12-29 21:49:00
ICU000202,H002,30,0,2025-01-01 18:08:00
ICU000203,H002,30,0,2025-01-04 08:42:00
ICU000204,H002,30,0,2025-01-07 14:30:00
ICU000205,H002,30,0,2025-01-10 08:48:00
ICU000206,H002,30,0,2025-01-13 09:55:00
ICU000207,H002,30,0,2025-01-16 22:16:00
ICU000208,H002,30,0,2025-01-19 09:57:00
ICU000209,H002,30,0,2025-01-22 19:01:00
ICU000210,H002,30,0,2025-01-25 16:32:00
ICU000211,H002,30,0,2025-01-28 22:11:00
ICU000212,H002,30,0,2025-01-31 13:56:00
ICU000213,H002,30,0,2025-02-03 09:17:00
ICU000214,H002,30,0,2025-02-06 18:51:00
ICU000215,H002,30,0,2025-02-09 20:11:00
ICU000216,H002,30,0,2025-02-12 09:10:00
ICU000217,H002,30,0,2025-02-15 06:45:00
ICU000218,H002,30,0,2025-02-18 21:18:00
ICU000219,H002,30,0,2025-02-21 08:15:00
ICU000220,H002,30,0,2025-02-24 06:55:00
ICU000221,H002,30,0,2025-02-27 13:10:00
ICU000222,H002,30,0,2025-03-02 21:39:00
ICU000223,H002,30,0,2025-03-05 21:01:00
ICU000224,H002,29,1,2025-03-08 15:02:00
ICU000225,H002,30,0,2025-03-11 15:18:00
ICU000226,H002,30,0,2025-03-14 16:36:00
ICU000227,H002,30,0,2025-03-17 13:09:00
ICU000228,H002,30,0,2025-03-20 19:09:00
ICU000229,H002,29,1,2025-03-23 17:44:00
ICU000230,H002,30,0,2025-03-26 06:32:00
ICU000231,H002,30,0,2025-03-29 14:22:00
ICU000232,H002,19,11,2025-04-01 14:01:00
ICU000233,H002,29,1,2025-04-04 22:36:00
ICU000234,H002,25,5,2025-04-07 12:48:00
ICU000235,H002,20,10,2025-04-10 12:39:00
ICU000236,H002,23,7,2025-04-13 19:54:00
ICU000237,H002,20,10,2025-04-16 19:05:00
ICU000238,H002,21,9,2025-04-19 20:48:00
ICU000239,H002,28,2,2025-04-22 19:05:00
ICU000240,H002,24,6,2025-04-25 12:25:00
ICU000241,H002,23,7,2025-04-28 16:14:00
ICU000242,H002,21,9,2025-05-01 18:02:00
ICU000243,H002,20,10,2025-05-04 21:04:00
ICU000244,H002,19,11,2025-05-07 17:39:00
ICU000245,H003,11,9,2024-05-09 22:58:00
ICU000246,H003,17,3,2024-05-12 21:29:00
ICU000247,H003,13,7,2024-05-15 11:04:00
ICU000248,H003,11,9,2024-05-18 08:41:00
ICU000249,H003,14,6,2024-05-21 12:10:00
ICU000250,H003,12,8,2024-05-24 19:30:00
ICU000251,H003,11,9,2024-05-27 11:56:00
ICU000252,H003,12,8,2024-05-30 13:55:00
ICU000253,H003,10,10,2024-06-02 16:12:00
ICU000254,H003,8,12,2024-06-05 14:57:00
ICU000255,H003,12,8,2024-06-08 09:11:00
ICU000256,H003,9,11,2024-06-11 07:05:00
ICU000257,H003,12,8,2024-06-14 11:16:00
ICU000258,H003,12,8,2024-06-17 14:03:00
ICU000259,H003,11,9,2024-06-20 16:33:00
ICU000260,H003,9,11,2024-06-23 14:47:00
ICU000261,H003,11,9,2024-06-26 09:37:00
ICU000262,H003,15,5,2024-06-29 14:35:00
ICU000263,H003,12,8,2024-07-02 07:19:00
ICU000264,H003,13,7,2024-07-05 21:59:00
ICU000265,H003,10,10,2024-07-08 08:08:00
ICU000266,H003,13,7,2024-07-11 19:09:00
ICU000267,H003,14,6,2024-07-14 16:47:00
ICU000268,H003,11,9,2024-07-17 12:38:00
ICU000269,H003,12,8,2024-07-20 17:42:00
ICU000270,H003,12,8,2024-07-23 20:26:00
ICU000271,H003,10,10,2024-07-26 17:06:00
ICU000272,H003,13,7,2024-07-29 11:53:00
ICU000273,H003,12,8,2024-08-01 13:21:00
ICU000274,H003,15,5,2024-08-04 12:32:00
ICU000275,H003,12,8,2024-08-07 09:16:00
ICU000276,H003,11,9,2024-08-10 10:32:00
ICU000277,H003,14,6,2024-08-13 18:47:00
ICU000278,H003,15,5,2024-08-16 22:42:00
ICU000279,H003,12,8,2024-08-19 12:06:00
ICU000280,H003,10,10,2024-08-22 17:44:00
ICU000281,H003,14,6,2024-08-25 09:22:00
ICU000282,H003,12,8,2024-08-28 19:53:00
ICU000283,H003,9,11,2024-08-31 17:06:00
ICU000284,H003,14,6,2024-09-03 14:09:00
ICU000285,H003,12,8,2024-09-06 10:58:00
ICU000286,H003,15,5,2024-09-09 07:37:00
ICU000287,H003,11,9,2024-09-12 10:16:00
ICU000288,H003,13,7,2024-09-15 20:00:00
ICU000289,H003,15,5,2024-09-18 13:51:00
ICU000290,H003,12,8,2024-09-21 20:13:00
ICU000291,H003,10,10,2024-09-24 20:53:00
ICU000292,H003,13,7,2024-09-27 17:12:00
ICU000293,H003,15,5,2024-09-30 20:16:00
ICU000294,H003,15,5,2024-10-03 20:00:00
ICU000295,H003,14,6,2024-10-06 09:45:00
ICU000296,H003,14,6,2024-10-09 21:08:00
ICU000297,H003,14,6,2024-10-12 06:14:00
ICU000298,H003,13,7,2024-10-15 11:55:00
ICU000299,H003,18,2,2024-10-18 12:01:00
ICU000300,H003,15,5,2024-10-21 12:39:00
ICU000301,H003,16,4,2024-10-24 06:53:00
ICU000302,H003,14,6,2024-10-27 07:26:00
ICU000303,H003,13,7,2024-10-30 16:06:00
ICU000304,H003,20,0,2024-11-02 08:28:00
ICU000305,H003,20,0,2024-11-05 06:11:00
ICU000306,H003,17,3,2024-11-08 22:32:00
ICU000307,H003,19,1,2024-11-11 22:22:00
ICU000308,H003,20,0,2024-11-14 17:00:00
ICU000309,H003,20,0,2024-11-17 07:03:00
ICU000310,H003,19,1,2024-11-20 12:47:00
ICU000311,H003,16,4,2024-11-23 08:37:00
ICU000312,H003,20,0,2024-11-26 22:38:00
ICU000313,H003,20,0,2024-11-29 07:58:00
ICU000314,H003,20,0,2024-12-02 10:12:00
ICU000315,H003,20,0,2024-12-05 09:15:00
ICU000316,H003,20,0,2024-12-08 13:23:00
ICU000317,H003,20,0,2024-12-11 09:27:00
ICU000318,H003,20,0,2024-12-14 09:13:00
ICU000319,H003,20,0,2024-12-17 18:13:00
ICU000320,H003,20,0,2024-12-20 09:40:00
ICU000321,H003,20,0,2024-12-23 12:43:00
ICU000322,H003,20,0,2024-12-26 19:51:00
ICU000323,H003,20,0,2024-12-29 17:31:00
ICU000324,H003,20,0,2025-01-01 16:05:00
ICU000325,H003,20,0,2025-01-04 16:35:00
ICU000326,H003,20,0,2025-01-07 11:52:00
ICU000327,H003,20,0,2025-01-10 06:51:00
ICU000328,H003,20,0,2025-01-13 21:14:00
ICU000329,H003,20,0,2025-01-16 13:49:00
ICU000330,H003,20,0,2025-01-19 09:30:00
ICU000331,H003,20,0,2025-01-22 19:35:00
ICU000332,H003,20,0,2025-01-25 07:37:00
ICU000333,H003,20,0,2025-01-28 09:06:00
ICU000334,H003,20,0,2025-01-31 08:52:00
ICU000335,H003,20,0,2025-02-03 06:50:00
ICU000336,H003,20,0,2025-02-06 22:01:00
ICU000337,H003,20,0,2025-02-09 08:03:00
ICU000338,H003,20,0,2025-02-12 10:31:00
ICU000339,H003,20,0,2025-02-15 12:19:00
ICU000340,H003,20,0,2025-02-18 13:49:00
ICU000341,H003,20,0,2025-02-21 21:09:00
ICU000342,H003,20,0,2025-02-24 14:41:00
ICU000343,H003,20,0,2025-02-27 16:43:00
ICU000344,H003,20,0,2025-03-02 19:25:00
ICU000345,H003,20,0,2025-03-05 07:01:00
ICU000346,H003,19,1,2025-03-08 06:06:00
ICU000347,H003,20,0,2025-03-11 10:57:00
ICU000348,H003,20,0,2025-03-14 18:28:00
ICU000349,H003,20,0,2025-03-17 14:08:00
ICU000350,H003,20,0,2025-03-20 15:57:00
ICU000351,H003,20,0,2025-03-23 15:48:00
ICU000352,H003,19,1,2025-03-26 08:16:00
ICU000353,H003,20,0,2025-03-29 14:07:00
ICU000354,H003,14,6,2025-04-01 19:10:00
ICU000355,H003,12,8,2025-04-04 15:04:00
ICU000356,H003,14,6,2025-04-07 07:47:00
ICU000357,H003,13,7,2025-04-10 17:02:00
ICU000358,H003,13,7,2025-04-13 19:49:00
ICU000359,H003,12,8,2025-04-16 18:11:00
ICU000360,H003,14,6,2025-04-19 18:16:00
ICU000361,H003,14,6,2025-04-22 17:59:00
ICU000362,H003,16,4,2025-04-25 07:28:00
ICU000363,H003,14,6,2025-04-28 16:44:00
ICU000364,H003,13,7,2025-05-01 13:26:00
ICU000365,H003,12,8,2025-05-04 12:16:00
ICU000366,H003,11,9,2025-05-07 18:41:00
ICU000367,H004,7,3,2024-05-09 15:50:00
ICU000368,H004,6,4,2024-05-12 10:33:00
ICU000369,H004,6,4,2024-05-15 06:34:00
ICU000370,H004,5,5,2024-05-18 08:47:00
ICU000371,H004,8,2,2024-05-21 12:32:00
ICU000372,H004,7,3,2024-05-24 21:49:00
ICU000373,H004,8,2,2024-05-27 07:29:00
ICU000374,H004,5,5,2024-05-30 13:03:00
ICU000375,H004,4,6,2024-06-02 20:49:00
ICU000376,H004,5,5,2024-06-05 15:30:00
ICU000377,H004,6,4,2024-06-08 12:54:00
ICU000378,H004,4,6,2024-06-11 13:48:00
ICU000379,H004,7,3,2024-06-14 08:07:00
ICU000380,H004,5,5,2024-06-17 09:45:00
ICU000381,H004,5,5,2024-06-20 14:02:00
ICU000382,H004,7,3,2024-06-23 15:24:00
ICU000383,H004,7,3,2024-06-26 06:12:00
ICU000384,H004,6,4,2024-06-29 11:00:00
ICU000385,H004,7,3,2024-07-02 17:37:00
ICU000386,H004,5,5,2024-07-05 06:35:00
ICU000387,H004,5,5,2024-07-08 07:13:00
ICU000388,H004,6,4,2024-07-11 08:59:00
ICU000389,H004,6,4,2024-07-14 18:07:00
ICU000390,H004,6,4,2024-07-17 09:46:00
ICU000391,H004,5,5,2024-07-20 09:53:00
ICU000392,H004,6,4,2024-07-23 09:36:00
ICU000393,H004,6,4,2024-07-26 16:45:00
ICU000394,H004,6,4,2024-07-29 13:18:00
ICU000395,H004,6,4,2024-08-01 10:02:00
ICU000396,H004,4,6,2024-08-04 12:45:00
ICU000397,H004,6,4,2024-08-07 08:31:00
ICU000398,H004,5,5,2024-08-10 16:46:00
ICU000399,H004,7,3,2024-08-13 17:30:00
ICU000400,H004,6,4,2024-08-16 15:07:00
ICU000401,H004,7,3,2024-08-19 09:14:00
ICU000402,H004,6,4,2024-08-22 13:33:00
ICU000403,H004,5,5,2024-08-25 16:02:00
ICU000404,H004,7,3,2024-08-28 17:03:00
ICU000405,H004,5,5,2024-08-31 10:33:00
ICU000406,H004,7,3,2024-09-03 18:04:00
ICU000407,H004,7,3,2024-09-06 13:22:00
ICU000408,H004,7,3,2024-09-09 22:05:00
ICU000409,H004,6,4,2024-09-12 15:15:00
ICU000410,H004,7,3,2024-09-15 19:59:00
ICU000411,H004,7,3,2024-09-18 15:05:00
ICU000412,H004,7,3,2024-09-21 11:44:00
ICU000413,H004,6,4,2024-09-24 13:38:00
ICU000414,H004,7,3,2024-09-27 07:23:00
ICU000415,H004,8,2,2024-09-30 12:21:00
ICU000416,H004,6,4,2024-10-03 11:11:00
ICU000417,H004,5,5,2024-10-06 17:14:00
ICU000418,H004,7,3,2024-10-09 16:18:00
ICU000419,H004,7,3,2024-10-12 14:38:00
ICU000420,H004,8,2,2024-10-15 15:52:00
ICU000421,H004,6,4,2024-10-18 19:08:00
ICU000422,H004,8,2,2024-10-21 20:48:00
ICU000423,H004,9,1,2024-10-24 08:27:00
ICU000424,H004,6,4,2024-10-27 07:30:00
ICU000425,H004,6,4,2024-10-30 14:07:00
ICU000426,H004,9,1,2024-11-02 14:29:00
ICU000427,H004,10,0,2024-11-05 10:34:00
ICU000428,H004,10,0,2024-11-08 11:55:00
ICU000429,H004,8,2,2024-11-11 19:21:00
ICU000430,H004,9,1,2024-11-14 07:37:00
ICU000431,H004,10,0,2024-11-17 07:17:00
ICU000432,H004,10,0,2024-11-20 09:18:00
ICU000433,H004,10,0,2024-11-23 09:14:00
ICU000434,H004,9,1,2024-11-26 09:41:00
ICU000435,H004,10,0,2024-11-29 21:05:00
ICU000436,H004,10,0,2024-12-02 16:33:00
ICU000437,H004,10,0,2024-12-05 09:02:00
ICU000438,H004,10,0,2024-12-08 06:11:00
ICU000439,H004,10,0,2024-12-11 12:45:00
ICU000440,H004,9,1,2024-12-14 21:56:00
ICU000441,H004,10,0,2024-12-17 16:33:00
ICU000442,H004,10,0,2024-12-20 19:42:00
ICU000443,H004,10,0,2024-12-23 21:11:00
ICU000444,H004,10,0,2024-12-26 19:39:00
ICU000445,H004,10,0,2024-12-29 09:23:00
ICU000446,H004,10,0,2025-01-01 19:21:00
ICU000447,H004,10,0,2025-01-04 13:33:00
ICU000448,H004,10,0,2025-01-07 11:37:00
ICU000449,H004,10,0,2025-01-10 08:20:00
ICU000450,H004,10,0,2025-01-13 21:09:00
ICU000451,H004,10,0,2025-01-16 19:33:00
ICU000452,H004,10,0,2025-01-19 19:04:00
ICU000453,H004,10,0,2025-01-22 09:23:00
ICU000454,H004,10,0,2025-01-25 07:06:00
ICU000455,H004,10,0,2025-01-28 15:54:00
ICU000456,H004,10,0,2025-01-31 21:49:00
ICU000457,H004,10,0,2025-02-03 08:55:00
ICU000458,H004,10,0,2025-02-06 21:45:00
ICU000459,H004,10,0,2025-02-09 17:41:00
ICU000460,H004,10,0,2025-02-12 18:07:00
ICU000461,H004,10,0,2025-02-15 20:18:00
ICU000462,H004,10,0,2025-02-18 12:49:00
ICU000463,H004,10,0,2025-02-21 20:53:00
ICU000464,H004,10,0,2025-02-24 16:00:00
ICU000465,H004,10,0,2025-02-27 09:16:00
ICU000466,H004,10,0,2025-03-02 19:59:00
ICU000467,H004,10,0,2025-03-05 18:03:00
ICU000468,H004,10,0,2025-03-08 12:21:00
ICU000469,H004,10,0,2025-03-11 22:50:00
ICU000470,H004,9,1,2025-03-14 21:47:00
ICU000471,H004,10,0,2025-03-17 15:23:00
ICU000472,H004,8,2,2025-03-20 17:32:00
ICU000473,H004,10,0,2025-03-23 16:12:00
ICU000474,H004,10,0,2025-03-26 22:30:00
ICU000475,H004,10,0,2025-03-29 17:32:00
ICU000476,H004,8,2,2025-04-01 17:45:00
ICU000477,H004,9,1,2025-04-04 20:21:00
ICU000478,H004,7,3,2025-04-07 14:08:00
ICU000479,H004,8,2,2025-04-10 13:32:00
ICU000480,H004,8,2,2025-04-13 15:02:00
ICU000481,H004,8,2,2025-04-16 10:23:00
ICU000482,H004,9,1,2025-04-19 21:26:00
ICU000483,H004,7,3,2025-04-22 13:44:00
ICU000484,H004,6,4,2025-04-25 14:23:00
ICU000485,H004,7,3,2025-04-28 09:00:00
ICU000486,H004,7,3,2025-05-01 20:34:00
ICU000487,H004,5,5,2025-05-04 16:15:00
ICU000488,H004,5,5,2025-05-07 20:52:00
ICU000489,H005,7,5,2024-05-09 11:49:00
ICU000490,H005,6,6,2024-05-12 10:37:00
ICU000491,H005,8,4,2024-05-15 22:00:00
ICU000492,H005,5,7,2024-05-18 10:32:00
ICU000493,H005,7,5,2024-05-21 20:26:00
ICU000494,H005,7,5,2024-05-24 21:17:00
ICU000495,H005,7,5,2024-05-27 11:01:00
ICU000496,H005,6,6,2024-05-30 16:11:00
ICU000497,H005,5,7,2024-06-02 22:44:00
ICU000498,H005,8,4,2024-06-05 17:53:00
ICU000499,H005,6,6,2024-06-08 07:46:00
ICU000500,H005,8,4,2024-06-11 14:59:00
ICU000501,H005,8,4,2024-06-14 19:30:00
ICU000502,H005,6,6,2024-06-17 09:23:00
ICU000503,H005,7,5,2024-06-20 21:53:00
ICU000504,H005,6,6,2024-06-23 20:52:00
ICU000505,H005,7,5,2024-06-26 14:21:00
ICU000506,H005,8,4,2024-06-29 10:53:00
ICU000507,H005,7,5,2024-07-02 16:01:00
ICU000508,H005,7,5,2024-07-05 12:15:00
ICU000509,H005,8,4,2024-07-08 08:36:00
ICU000510,H005,6,6,2024-07-11 12:52:00
ICU000511,H005,7,5,2024-07-14 18:10:00
ICU000512,H005,5,7,2024-07-17 07:42:00
ICU000513,H005,9,3,2024-07-20 08:11:00
ICU000514,H005,7,5,2024-07-23 16:37:00
ICU000515,H005,8,4,2024-07-26 08:41:00
ICU000516,H005,8,4,2024-07-29 16:12:00
ICU000517,H005,8,4,2024-08-01 13:16:00
ICU000518,H005,7,5,2024-08-04 12:08:00
ICU000519,H005,8,4,2024-08-07 08:13:00
ICU000520,H005,9,3,2024-08-10 18:18:00
ICU000521,H005,7,5,2024-08-13 07:13:00
ICU000522,H005,8,4,2024-08-16 12:14:00
ICU000523,H005,8,4,2024-08-19 21:14:00
ICU000524,H005,8,4,2024-08-22 14:50:00
ICU000525,H005,7,5,2024-08-25 08:22:00
ICU000526,H005,8,4,2024-08-28 09:30:00
ICU000527,H005,8,4,2024-08-31 21:27:00
ICU000528,H005,8,4,2024-09-03 11:56:00
ICU000529,H005,9,3,2024-09-06 07:15:00
ICU000530,H005,8,4,2024-09-09 20:11:00
ICU000531,H005,8,4,2024-09-12 11:37:00
ICU000532,H005,8,4,2024-09-15 18:21:00
ICU000533,H005,8,4,2024-09-18 08:36:00
ICU000534,H005,7,5,2024-09-21 14:43:00
ICU000535,H005,8,4,2024-09-24 13:39:00
ICU000536,H005,7,5,2024-09-27 17:58:00
ICU000537,H005,9,3,2024-09-30 19:19:00
ICU000538,H005,8,4,2024-10-03 20:58:00
ICU000539,H005,9,3,2024-10-06 17:43:00
ICU000540,H005,7,5,2024-10-09 22:16:00
ICU000541,H005,9,3,2024-10-12 07:20:00
ICU000542,H005,8,4,2024-10-15 08:36:00
ICU000543,H005,8,4,2024-10-18 18:40:00
ICU000544,H005,10,2,2024-10-21 18:21:00
ICU000545,H005,7,5,2024-10-24 20:45:00
ICU000546,H005,10,2,2024-10-27 06:25:00
ICU000547,H005,10,2,2024-10-30 08:27:00
ICU000548,H005,12,0,2024-11-02 12:48:00
ICU000549,H005,9,3,2024-11-05 13:12:00
ICU000550,H005,11,1,2024-11-08 18:06:00
ICU000551,H005,12,0,2024-11-11 13:15:00
ICU000552,H005,11,1,2024-11-14 12:00:00
ICU000553,H005,12,0,2024-11-17 20:12:00
ICU000554,H005,9,3,2024-11-20 14:10:00
ICU000555,H005,12,0,2024-11-23 17:59:00
ICU000556,H005,11,1,2024-11-26 17:45:00
ICU000557,H005,11,1,2024-11-29 22:59:00
ICU000558,H005,12,0,2024-12-02 13:10:00
ICU000559,H005,12,0,2024-12-05 07:13:00
ICU000560,H005,12,0,2024-12-08 09:17:00
ICU000561,H005,12,0,2024-12-11 16:55:00
ICU000562,H005,11,1,2024-12-14 16:27:00
ICU000563,H005,12,0,2024-12-17 11:58:00
ICU000564,H005,12,0,2024-12-20 06:01:00
ICU000565,H005,12,0,2024-12-23 16:29:00
ICU000566,H005,12,0,2024-12-26 07:07:00
ICU000567,H005,12,0,2024-12-29 08:20:00
ICU000568,H005,12,0,2025-01-01 14:31:00
ICU000569,H005,12,0,2025-01-04 10:19:00
ICU000570,H005,12,0,2025-01-07 10:52:00
ICU000571,H005,12,0,2025-01-10 17:34:00
ICU000572,H005,12,0,2025-01-13 22:27:00
ICU000573,H005,12,0,2025-01-16 19:49:00
ICU000574,H005,12,0,2025-01-19 14:47:00
ICU000575,H005,12,0,2025-01-22 13:37:00
ICU000576,H005,12,0,2025-01-25 13:20:00
ICU000577,H005,12,0,2025-01-28 18:03:00
ICU000578,H005,11,1,2025-01-31 11:51:00
ICU000579,H005,12,0,2025-02-03 15:45:00
ICU000580,H005,12,0,2025-02-06 18:50:00
ICU000581,H005,12,0,2025-02-09 10:16:00
ICU000582,H005,12,0,2025-02-12 10:30:00
ICU000583,H005,12,0,2025-02-15 19:37:00
ICU000584,H005,12,0,2025-02-18 22:20:00
ICU000585,H005,12,0,2025-02-21 21:07:00
ICU000586,H005,12,0,2025-02-24 06:36:00
ICU000587,H005,12,0,2025-02-27 18:54:00
ICU000588,H005,12,0,2025-03-02 15:44:00
ICU000589,H005,12,0,2025-03-05 19:09:00
ICU000590,H005,12,0,2025-03-08 20:03:00
ICU000591,H005,12,0,2025-03-11 10:23:00
ICU000592,H005,12,0,2025-03-14 06:09:00
ICU000593,H005,12,0,2025-03-17 18:28:00
ICU000594,H005,11,1,2025-03-20 06:19:00
ICU000595,H005,11,1,2025-03-23 06:57:00
ICU000596,H005,11,1,2025-03-26 21:07:00
ICU000597,H005,12,0,2025-03-29 11:25:00
ICU000598,H005,11,1,2025-04-01 06:07:00
ICU000599,H005,9,3,2025-04-04 22:52:00
ICU000600,H005,7,5,2025-04-07 08:35:00
ICU000601,H005,8,4,2025-04-10 17:53:00
ICU000602,H005,8,4,2025-04-13 17:51:00
ICU000603,H005,7,5,2025-04-16 12:26:00
ICU000604,H005,9,3,2025-04-19 06:47:00
ICU000605,H005,8,4,2025-04-22 08:54:00
ICU000606,H005,11,1,2025-04-25 09:21:00
ICU000607,H005,9,3,2025-04-28 16:40:00
ICU000608,H005,6,6,2025-05-01 20:09:00
ICU000609,H005,6,6,2025-05-04 13:49:00
ICU000610,H005,8,4,2025-05-07 21:08:00
ICU000611,H006,34,16,2024-05-09 08:09:00
ICU000612,H006,30,20,2024-05-12 10:07:00
ICU000613,H006,34,16,2024-05-15 12:55:00
ICU000614,H006,35,15,2024-05-18 09:58:00
ICU000615,H006,27,23,2024-05-21 08:46:00
ICU000616,H006,24,26,2024-05-24 06:20:00
ICU000617,H006,37,13,2024-05-27 14:11:00
ICU000618,H006,28,22,2024-05-30 14:47:00
ICU000619,H006,25,25,2024-06-02 15:53:00
ICU000620,H006,28,22,2024-06-05 08:34:00
ICU000621,H006,23,27,2024-06-08 13:04:00
ICU000622,H006,38,12,2024-06-11 06:46:00
ICU000623,H006,34,16,2024-06-14 07:05:00
ICU000624,H006,35,15,2024-06-17 11:37:00
ICU000625,H006,34,16,2024-06-20 12:24:00
ICU000626,H006,24,26,2024-06-23 18:05:00
ICU000627,H006,25,25,2024-06-26 12:39:00
ICU000628,H006,19,31,2024-06-29 08:56:00
ICU000629,H006,24,26,2024-07-02 17:36:00
ICU000630,H006,35,15,2024-07-05 16:52:00
ICU000631,H006,22,28,2024-07-08 08:29:00
ICU000632,H006,25,25,2024-07-11 13:56:00
ICU000633,H006,34,16,2024-07-14 07:21:00
ICU000634,H006,29,21,2024-07-17 21:00:00
ICU000635,H006,35,15,2024-07-20 19:54:00
ICU000636,H006,26,24,2024-07-23 15:19:00
ICU000637,H006,33,17,2024-07-26 21:08:00
ICU000638,H006,27,23,2024-07-29 07:57:00
ICU000639,H006,25,25,2024-08-01 22:37:00
ICU000640,H006,25,25,2024-08-04 11:06:00
ICU000641,H006,33,17,2024-08-07 19:07:00
ICU000642,H006,28,22,2024-08-10 22:20:00
ICU000643,H006,31,19,2024-08-13 21:23:00
ICU000644,H006,20,30,2024-08-16 14:01:00
ICU000645,H006,29,21,2024-08-19 11:31:00
ICU000646,H006,41,9,2024-08-22 16:20:00
ICU000647,H006,30,20,2024-08-25 21:12:00
ICU000648,H006,36,14,2024-08-28 20:14:00
ICU000649,H006,35,15,2024-08-31 16:41:00
ICU000650,H006,23,27,2024-09-03 13:43:00
ICU000651,H006,29,21,2024-09-06 06:43:00
ICU000652,H006,36,14,2024-09-09 20:51:00
ICU000653,H006,40,10,2024-09-12 09:51:00
ICU000654,H006,22,28,2024-09-15 20:04:00
ICU000655,H006,38,12,2024-09-18 14:50:00
ICU000656,H006,31,19,2024-09-21 21:36:00
ICU000657,H006,30,20,2024-09-24 21:12:00
ICU000658,H006,36,14,2024-09-27 07:29:00
ICU000659,H006,29,21,2024-09-30 21:11:00
ICU000660,H006,38,12,2024-10-03 20:05:00
ICU000661,H006,30,20,2024-10-06 22:20:00
ICU000662,H006,43,7,2024-10-09 08:38:00
ICU000663,H006,43,7,2024-10-12 21:32:00
ICU000664,H006,49,1,2024-10-15 10:22:00
ICU000665,H006,38,12,2024-10-18 06:40:00
ICU000666,H006,38,12,2024-10-21 15:03:00
ICU000667,H006,39,11,2024-10-24 07:40:00
ICU000668,H006,31,19,2024-10-27 18:21:00
ICU000669,H006,46,4,2024-10-30 06:18:00
ICU000670,H006,46,4,2024-11-02 19:02:00
ICU000671,H006,46,4,2024-11-05 16:15:00
ICU000672,H006,50,0,2024-11-08 10:37:00
ICU000673,H006,49,1,2024-11-11 19:55:00
ICU000674,H006,46,4,2024-11-14 06:32:00
ICU000675,H006,42,8,2024-11-17 08:42:00
ICU000676,H006,50,0,2024-11-20 08:54:00
ICU000677,H006,39,11,2024-11-23 21:14:00
ICU000678,H006,42,8,2024-11-26 19:09:00
ICU000679,H006,50,0,2024-11-29 16:26:00
ICU000680,H006,50,0,2024-12-02 12:08:00
ICU000681,H006,50,0,2024-12-05 20:37:00
ICU000682,H006,50,0,2024-12-08 07:54:00
ICU000683,H006,50,0,2024-12-11 11:30:00
ICU000684,H006,50,0,2024-12-14 10:33:00
ICU000685,H006,50,0,2024-12-17 18:40:00
ICU000686,H006,50,0,2024-12-20 11:49:00
ICU000687,H006,50,0,2024-12-23 09:50:00
ICU000688,H006,50,0,2024-12-26 11:27:00
ICU000689,H006,49,1,2024-12-29 20:48:00
ICU000690,H006,50,0,2025-01-01 09:52:00
ICU000691,H006,50,0,2025-01-04 18:27:00
ICU000692,H006,50,0,2025-01-07 22:20:00
ICU000693,H006,50,0,2025-01-10 17:20:00
ICU000694,H006,50,0,2025-01-13 14:45:00
ICU000695,H006,50,0,2025-01-16 13:31:00
ICU000696,H006,50,0,2025-01-19 07:01:00
ICU000697,H006,50,0,2025-01-22 12:30:00
ICU000698,H006,50,0,2025-01-25 07:14:00
ICU000699,H006,50,0,2025-01-28 18:26:00
ICU000700,H006,50,0,2025-01-31 06:54:00
ICU000701,H006,50,0,2025-02-03 20:47:00
ICU000702,H006,50,0,2025-02-06 08:25:00
ICU000703,H006,50,0,2025-02-09 13:24:00
ICU000704,H006,50,0,2025-02-12 16:42:00
ICU000705,H006,50,0,2025-02-15 22:41:00
ICU000706,H006,50,0,2025-02-18 17:34:00
ICU000707,H006,50,0,2025-02-21 13:31:00
ICU000708,H006,50,0,2025-02-24 08:55:00
ICU000709,H006,50,0,2025-02-27 20:30:00
ICU000710,H006,50,0,2025-03-02 16:42:00
ICU000711,H006,49,1,2025-03-05 14:01:00
ICU000712,H006,50,0,2025-03-08 15:41:00
ICU000713,H006,50,0,2025-03-11 07:01:00
ICU000714,H006,50,0,2025-03-14 16:25:00
ICU000715,H006,50,0,2025-03-17 11:05:00
ICU000716,H006,50,0,2025-03-20 19:17:00
ICU000717,H006,50,0,2025-03-23 16:51:00
ICU000718,H006,50,0,2025-03-26 16:33:00
ICU000719,H006,50,0,2025-03-29 10:16:00
ICU000720,H006,36,14,2025-04-01 10:08:00
ICU000721,H006,42,8,2025-04-04 22:16:00
ICU000722,H006,31,19,2025-04-07 14:39:00
ICU000723,H006,33,17,2025-04-10 09:50:00
ICU000724,H006,36,14,2025-04-13 19:11:00
ICU000725,H006,35,15,2025-04-16 09:04:00
ICU000726,H006,43,7,2025-04-19 18:13:00
ICU000727,H006,30,20,2025-04-22 06:41:00
ICU000728,H006,47,3,2025-04-25 08:32:00
ICU000729,H006,39,11,2025-04-28 15:36:00
ICU000730,H006,34,16,2025-05-01 12:49:00
ICU000731,H006,25,25,2025-05-04 12:32:00
ICU000732,H006,36,14,2025-05-07 15:17:00
ICU000733,H007,11,4,2024-05-09 21:53:00
ICU000734,H007,9,6,2024-05-12 06:44:00
ICU000735,H007,9,6,2024-05-15 17:29:00
ICU000736,H007,9,6,2024-05-18 18:02:00
ICU000737,H007,10,5,2024-05-21 16:47:00
ICU000738,H007,9,6,2024-05-24 21:43:00
ICU000739,H007,9,6,2024-05-27 22:04:00
ICU000740,H007,6,9,2024-05-30 10:06:00
ICU000741,H007,9,6,2024-06-02 14:36:00
ICU000742,H007,7,8,2024-06-05 17:01:00
ICU000743,H007,10,5,2024-06-08 11:51:00
ICU000744,H007,10,5,2024-06-11 06:40:00
ICU000745,H007,8,7,2024-06-14 09:38:00
ICU000746,H007,8,7,2024-06-17 09:17:00
ICU000747,H007,9,6,2024-06-20 15:32:00
ICU000748,H007,10,5,2024-06-23 16:37:00
ICU000749,H007,9,6,2024-06-26 08:20:00
ICU000750,H007,11,4,2024-06-29 09:19:00
ICU000751,H007,10,5,2024-07-02 17:15:00
ICU000752,H007,10,5,2024-07-05 20:59:00
ICU000753,H007,9,6,2024-07-08 16:31:00
ICU000754,H007,9,6,2024-07-11 17:13:00
ICU000755,H007,8,7,2024-07-14 19:42:00
ICU000756,H007,8,7,2024-07-17 20:38:00
ICU000757,H007,6,9,2024-07-20 11:09:00
ICU000758,H007,9,6,2024-07-23 12:53:00
ICU000759,H007,10,5,2024-07-26 13:04:00
ICU000760,H007,11,4,2024-07-29 11:29:00
ICU000761,H007,10,5,2024-08-01 19:57:00
ICU000762,H007,8,7,2024-08-04 22:48:00
ICU000763,H007,10,5,2024-08-07 21:50:00
ICU000764,H007,9,6,2024-08-10 15:10:00
ICU000765,H007,10,5,2024-08-13 12:39:00
ICU000766,H007,10,5,2024-08-16 16:30:00
ICU000767,H007,11,4,2024-08-19 11:57:00
ICU000768,H007,10,5,2024-08-22 20:30:00
ICU000769,H007,8,7,2024-08-25 10:58:00
ICU000770,H007,10,5,2024-08-28 10:30:00
ICU000771,H007,9,6,2024-08-31 20:55:00
ICU000772,H007,13,2,2024-09-03 22:37:00
ICU000773,H007,12,3,2024-09-06 21:40:00
ICU000774,H007,9,6,2024-09-09 09:44:00
ICU000775,H007,7,8,2024-09-12 20:40:00
ICU000776,H007,9,6,2024-09-15 09:44:00
ICU000777,H007,9,6,2024-09-18 21:33:00
ICU000778,H007,10,5,2024-09-21 12:28:00
ICU000779,H007,12,3,2024-09-24 17:51:00
ICU000780,H007,10,5,2024-09-27 16:18:00
ICU000781,H007,10,5,2024-09-30 11:12:00
ICU000782,H007,9,6,2024-10-03 13:00:00
ICU000783,H007,13,2,2024-10-06 12:42:00
ICU000784,H007,8,7,2024-10-09 22:29:00
ICU000785,H007,9,6,2024-10-12 22:46:00
ICU000786,H007,12,3,2024-10-15 17:42:00
ICU000787,H007,12,3,2024-10-18 21:28:00
ICU000788,H007,12,3,2024-10-21 22:44:00
ICU000789,H007,10,5,2024-10-24 18:53:00
ICU000790,H007,12,3,2024-10-27 14:30:00
ICU000791,H007,12,3,2024-10-30 19:11:00
ICU000792,H007,9,6,2024-11-02 07:10:00
ICU000793,H007,14,1,2024-11-05 09:05:00
ICU000794,H007,13,2,2024-11-08 11:36:00
ICU000795,H007,15,0,2024-11-11 12:37:00
ICU000796,H007,13,2,2024-11-14 14:54:00
ICU000797,H007,11,4,2024-11-17 14:34:00
ICU000798,H007,15,0,2024-11-20 09:29:00
ICU000799,H007,15,0,2024-11-23 14:40:00
ICU000800,H007,15,0,2024-11-26 15:59:00
ICU000801,H007,14,1,2024-11-29 07:20:00
ICU000802,H007,15,0,2024-12-02 08:49:00
ICU000803,H007,13,2,2024-12-05 22:14:00
ICU000804,H007,15,0,2024-12-08 22:37:00
ICU000805,H007,15,0,2024-12-11 16:16:00
ICU000806,H007,15,0,2024-12-14 10:12:00
ICU000807,H007,15,0,2024-12-17 10:20:00
ICU000808,H007,12,3,2024-12-20 09:00:00
ICU000809,H007,15,0,2024-12-23 22:18:00
ICU000810,H007,15,0,2024-12-26 21:20:00
ICU000811,H007,15,0,2024-12-29 13:31:00
ICU000812,H007,15,0,2025-01-01 06:24:00
ICU000813,H007,15,0,2025-01-04 15:16:00
ICU000814,H007,15,0,2025-01-07 13:50:00
ICU000815,H007,15,0,2025-01-10 07:43:00
ICU000816,H007,15,0,2025-01-13 15:09:00
ICU000817,H007,15,0,2025-01-16 21:47:00
ICU000818,H007,14,1,2025-01-19 21:53:00
ICU000819,H007,15,0,2025-01-22 16:48:00
ICU000820,H007,15,0,2025-01-25 07:57:00
ICU000821,H007,15,0,2025-01-28 06:48:00
ICU000822,H007,15,0,2025-01-31 12:12:00
ICU000823,H007,15,0,2025-02-03 14:43:00
ICU000824,H007,15,0,2025-02-06 08:51:00
ICU000825,H007,15,0,2025-02-09 19:28:00
ICU000826,H007,15,0,2025-02-12 07:01:00
ICU000827,H007,15,0,2025-02-15 06:42:00
ICU000828,H007,15,0,2025-02-18 12:00:00
ICU000829,H007,15,0,2025-02-21 08:28:00
ICU000830,H007,15,0,2025-02-24 10:09:00
ICU000831,H007,15,0,2025-02-27 12:47:00
ICU000832,H007,13,2,2025-03-02 21:02:00
ICU000833,H007,14,1,2025-03-05 16:25:00
ICU000834,H007,14,1,2025-03-08 06:15:00
ICU000835,H007,13,2,2025-03-11 07:57:00
ICU000836,H007,14,1,2025-03-14 16:24:00
ICU000837,H007,15,0,2025-03-17 07:36:00
ICU000838,H007,15,0,2025-03-20 12:13:00
ICU000839,H007,13,2,2025-03-23 12:02:00
ICU000840,H007,15,0,2025-03-26 21:20:00
ICU000841,H007,15,0,2025-03-29 11:16:00
ICU000842,H007,12,3,2025-04-01 18:06:00
ICU000843,H007,14,1,2025-04-04 08:30:00
ICU000844,H007,14,1,2025-04-07 10:21:00
ICU000845,H007,10,5,2025-04-10 07:03:00
ICU000846,H007,12,3,2025-04-13 13:47:00
ICU000847,H007,15,0,2025-04-16 14:07:00
ICU000848,H007,9,6,2025-04-19 19:06:00
ICU000849,H007,14,1,2025-04-22 09:29:00
ICU000850,H007,9,6,2025-04-25 15:22:00
ICU000851,H007,12,3,2025-04-28 21:55:00
ICU000852,H007,9,6,2025-05-01 20:55:00
ICU000853,H007,10,5,2025-05-04 17:48:00
ICU000854,H007,6,9,2025-05-07 11:36:00
ICU000855,H008,9,9,2024-05-09 17:11:00
ICU000856,H008,12,6,2024-05-12 06:22:00
ICU000857,H008,12,6,2024-05-15 22:59:00
ICU000858,H008,10,8,2024-05-18 13:22:00
ICU000859,H008,11,7,2024-05-21 12:33:00
ICU000860,H008,11,7,2024-05-24 09:28:00
ICU000861,H008,11,7,2024-05-27 14:31:00
ICU000862,H008,10,8,2024-05-30 19:19:00
ICU000863,H008,11,7,2024-06-02 18:23:00
ICU000864,H008,9,9,2024-06-05 21:51:00
ICU000865,H008,11,7,2024-06-08 11:39:00
ICU000866,H008,10,8,2024-06-11 12:28:00
ICU000867,H008,10,8,2024-06-14 10:31:00
ICU000868,H008,11,7,2024-06-17 22:20:00
ICU000869,H008,14,4,2024-06-20 08:27:00
ICU000870,H008,11,7,2024-06-23 19:51:00
ICU000871,H008,5,13,2024-06-26 12:33:00
ICU000872,H008,10,8,2024-06-29 08:23:00
ICU000873,H008,10,8,2024-07-02 07:40:00
ICU000874,H008,11,7,2024-07-05 11:22:00
ICU000875,H008,13,5,2024-07-08 09:28:00
ICU000876,H008,9,9,2024-07-11 15:49:00
ICU000877,H008,11,7,2024-07-14 21:02:00
ICU000878,H008,10,8,2024-07-17 11:18:00
ICU000879,H008,15,3,2024-07-20 14:24:00
ICU000880,H008,11,7,2024-07-23 19:52:00
ICU000881,H008,8,10,2024-07-26 18:46:00
ICU000882,H008,11,7,2024-07-29 16:07:00
ICU000883,H008,10,8,2024-08-01 11:11:00
ICU000884,H008,12,6,2024-08-04 15:28:00
ICU000885,H008,14,4,2024-08-07 15:26:00
ICU000886,H008,12,6,2024-08-10 10:07:00
ICU000887,H008,10,8,2024-08-13 21:56:00
ICU000888,H008,11,7,2024-08-16 14:58:00
ICU000889,H008,13,5,2024-08-19 09:44:00
ICU000890,H008,12,6,2024-08-22 13:05:00
ICU000891,H008,10,8,2024-08-25 10:20:00
ICU000892,H008,12,6,2024-08-28 19:28:00
ICU000893,H008,12,6,2024-08-31 09:48:00
ICU000894,H008,13,5,2024-09-03 11:43:00
ICU000895,H008,13,5,2024-09-06 22:04:00
ICU000896,H008,13,5,2024-09-09 10:12:00
ICU000897,H008,9,9,2024-09-12 08:02:00
ICU000898,H008,12,6,2024-09-15 07:37:00
ICU000899,H008,12,6,2024-09-18 18:34:00
ICU000900,H008,12,6,2024-09-21 13:33:00
ICU000901,H008,12,6,2024-09-24 21:37:00
ICU000902,H008,10,8,2024-09-27 14:09:00
ICU000903,H008,8,10,2024-09-30 08:24:00
ICU000904,H008,13,5,2024-10-03 13:29:00
ICU000905,H008,13,5,2024-10-06 15:07:00
ICU000906,H008,13,5,2024-10-09 18:38:00
ICU000907,H008,12,6,2024-10-12 13:30:00
ICU000908,H008,14,4,2024-10-15 20:28:00
ICU000909,H008,12,6,2024-10-18 19:18:00
ICU000910,H008,14,4,2024-10-21 10:54:00
ICU000911,H008,16,2,2024-10-24 18:16:00
ICU000912,H008,14,4,2024-10-27 06:59:00
ICU000913,H008,16,2,2024-10-30 13:14:00
ICU000914,H008,16,2,2024-11-02 14:41:00
ICU000915,H008,18,0,2024-11-05 09:53:00
ICU000916,H008,18,0,2024-11-08 07:30:00
ICU000917,H008,16,2,2024-11-11 08:38:00
ICU000918,H008,15,3,2024-11-14 09:24:00
ICU000919,H008,18,0,2024-11-17 14:15:00
ICU000920,H008,16,2,2024-11-20 12:05:00
ICU000921,H008,15,3,2024-11-23 08:59:00
ICU000922,H008,18,0,2024-11-26 20:47:00
ICU000923,H008,18,0,2024-11-29 16:35:00
ICU000924,H008,16,2,2024-12-02 17:02:00
ICU000925,H008,18,0,2024-12-05 14:58:00
ICU000926,H008,18,0,2024-12-08 06:29:00
ICU000927,H008,18,0,2024-12-11 19:12:00
ICU000928,H008,18,0,2024-12-14 13:52:00
ICU000929,H008,18,0,2024-12-17 13:03:00
ICU000930,H008,18,0,2024-12-20 18:30:00
ICU000931,H008,18,0,2024-12-23 22:35:00
ICU000932,H008,18,0,2024-12-26 07:17:00
ICU000933,H008,18,0,2024-12-29 10:03:00
ICU000934,H008,17,1,2025-01-01 22:52:00
ICU000935,H008,18,0,2025-01-04 19:07:00
ICU000936,H008,18,0,2025-01-07 14:39:00
ICU000937,H008,18,0,2025-01-10 11:41:00
ICU000938,H008,18,0,2025-01-13 10:54:00
ICU000939,H008,18,0,2025-01-16 06:33:00
ICU000940,H008,18,0,2025-01-19 10:10:00
ICU000941,H008,18,0,2025-01-22 11:43:00
ICU000942,H008,18,0,2025-01-25 21:30:00
ICU000943,H008,18,0,2025-01-28 10:26:00
ICU000944,H008,18,0,2025-01-31 08:54:00
ICU000945,H008,18,0,2025-02-03 12:24:00
ICU000946,H008,18,0,2025-02-06 16:54:00
ICU000947,H008,18,0,2025-02-09 12:40:00
ICU000948,H008,18,0,2025-02-12 07:29:00
ICU000949,H008,18,0,2025-02-15 18:25:00
ICU000950,H008,18,0,2025-02-18 16:30:00
ICU000951,H008,18,0,2025-02-21 15:37:00
ICU000952,H008,18,0,2025-02-24 17:08:00
ICU000953,H008,18,0,2025-02-27 06:54:00
ICU000954,H008,17,1,2025-03-02 10:00:00
ICU000955,H008,15,3,2025-03-05 15:35:00
ICU000956,H008,17,1,2025-03-08 07:37:00
ICU000957,H008,18,0,2025-03-11 06:12:00
ICU000958,H008,18,0,2025-03-14 12:41:00
ICU000959,H008,15,3,2025-03-17 12:36:00
ICU000960,H008,18,0,2025-03-20 21:55:00
ICU000961,H008,16,2,2025-03-23 19:28:00
ICU000962,H008,17,1,2025-03-26 19:58:00
ICU000963,H008,17,1,2025-03-29 09:16:00
ICU000964,H008,15,3,2025-04-01 14:05:00
ICU000965,H008,14,4,2025-04-04 14:31:00
ICU000966,H008,15,3,2025-04-07 08:18:00
ICU000967,H008,12,6,2025-04-10 10:41:00
ICU000968,H008,18,0,2025-04-13 16:11:00
ICU000969,H008,14,4,2025-04-16 15:45:00
ICU000970,H008,15,3,2025-04-19 13:20:00
ICU000971,H008,15,3,2025-04-22 07:00:00
ICU000972,H008,14,4,2025-04-25 16:03:00
ICU000973,H008,14,4,2025-04-28 16:02:00
ICU000974,H008,11,7,2025-05-01 07:08:00
ICU000975,H008,12,6,2025-05-04 10:50:00
ICU000976,H008,12,6,2025-05-07 22:51:00
